PRUID,PRNAME,CARUID,CARNAME,Split_polys,POLY_ID,ECO_ID
48,Alberta,4870,Census Agricultural Region 7,,242021,242
48,Alberta,4870,Census Agricultural Region 7,,242022,242
48,Alberta,4870,Census Agricultural Region 7,,242023,242
48,Alberta,4860,Census Agricultural Region 6,0,242024,242
48,Alberta,4870,Census Agricultural Region 7,1,242024,242
48,Alberta,4870,Census Agricultural Region 7,,242025,242
48,Alberta,4870,Census Agricultural Region 7,,242026,242
48,Alberta,4860,Census Agricultural Region 6,0,242027,242
48,Alberta,4870,Census Agricultural Region 7,1,242027,242
48,Alberta,4870,Census Agricultural Region 7,,242028,242
48,Alberta,4870,Census Agricultural Region 7,,242029,242
48,Alberta,4860,Census Agricultural Region 6,1,243001,243
48,Alberta,4870,Census Agricultural Region 7,0,243001,243
48,Alberta,4860,Census Agricultural Region 6,,243002,243
48,Alberta,4860,Census Agricultural Region 6,,243003,243
48,Alberta,4860,Census Agricultural Region 6,,243004,243
48,Alberta,4860,Census Agricultural Region 6,,243005,243
48,Alberta,4870,Census Agricultural Region 7,,244029,244
48,Alberta,4870,Census Agricultural Region 7,,244039,244
48,Alberta,4870,Census Agricultural Region 7,,244040,244
48,Alberta,4870,Census Agricultural Region 7,,244041,244
48,Alberta,4870,Census Agricultural Region 7,,244043,244
48,Alberta,4870,Census Agricultural Region 7,,244046,244
48,Alberta,4870,Census Agricultural Region 7,,244047,244
48,Alberta,4870,Census Agricultural Region 7,,244048,244
48,Alberta,4870,Census Agricultural Region 7,,244050,244
48,Alberta,4870,Census Agricultural Region 7,,244052,244
48,Alberta,4870,Census Agricultural Region 7,,244053,244
48,Alberta,4870,Census Agricultural Region 7,,244054,244
48,Alberta,4870,Census Agricultural Region 7,,244055,244
48,Alberta,4870,Census Agricultural Region 7,,244056,244
48,Alberta,4870,Census Agricultural Region 7,,244058,244
48,Alberta,4870,Census Agricultural Region 7,,244059,244
48,Alberta,4870,Census Agricultural Region 7,,244060,244
48,Alberta,4860,Census Agricultural Region 6,0,244061,244
48,Alberta,4870,Census Agricultural Region 7,1,244061,244
48,Alberta,4870,Census Agricultural Region 7,,244062,244
48,Alberta,4870,Census Agricultural Region 7,,244063,244
48,Alberta,4870,Census Agricultural Region 7,,244064,244
48,Alberta,4870,Census Agricultural Region 7,,244065,244
48,Alberta,4870,Census Agricultural Region 7,,244066,244
48,Alberta,4860,Census Agricultural Region 6,0,244067,244
48,Alberta,4870,Census Agricultural Region 7,1,244067,244
48,Alberta,4870,Census Agricultural Region 7,,244068,244
48,Alberta,4870,Census Agricultural Region 7,,244069,244
48,Alberta,4870,Census Agricultural Region 7,,244070,244
48,Alberta,4870,Census Agricultural Region 7,,245001,245
48,Alberta,4870,Census Agricultural Region 7,,245002,245
48,Alberta,4870,Census Agricultural Region 7,,245003,245
48,Alberta,4870,Census Agricultural Region 7,,245004,245
48,Alberta,4870,Census Agricultural Region 7,,245005,245
48,Alberta,4870,Census Agricultural Region 7,,245006,245
48,Alberta,4870,Census Agricultural Region 7,,249006,249
48,Alberta,4870,Census Agricultural Region 7,,250001,250
48,Alberta,4870,Census Agricultural Region 7,,250002,250
48,Alberta,4870,Census Agricultural Region 7,,250003,250
48,Alberta,4870,Census Agricultural Region 7,,250004,250
48,Alberta,4870,Census Agricultural Region 7,,251001,251
48,Alberta,4870,Census Agricultural Region 7,,251002,251
48,Alberta,4870,Census Agricultural Region 7,,251003,251
48,Alberta,4870,Census Agricultural Region 7,,251004,251
48,Alberta,4870,Census Agricultural Region 7,,251005,251
48,Alberta,4870,Census Agricultural Region 7,,251006,251
48,Alberta,4870,Census Agricultural Region 7,,251007,251
48,Alberta,4870,Census Agricultural Region 7,,251008,251
48,Alberta,4870,Census Agricultural Region 7,,251009,251
48,Alberta,4870,Census Agricultural Region 7,,251010,251
48,Alberta,4870,Census Agricultural Region 7,,251011,251
48,Alberta,4870,Census Agricultural Region 7,,251012,251
48,Alberta,4870,Census Agricultural Region 7,,251013,251
48,Alberta,4860,Census Agricultural Region 6,0,253001,253
48,Alberta,4870,Census Agricultural Region 7,1,253001,253
48,Alberta,4860,Census Agricultural Region 6,1,253002,253
48,Alberta,4870,Census Agricultural Region 7,0,253002,253
48,Alberta,4870,Census Agricultural Region 7,,253003,253
48,Alberta,4870,Census Agricultural Region 7,,253004,253
48,Alberta,4860,Census Agricultural Region 6,0,253005,253
48,Alberta,4870,Census Agricultural Region 7,1,253005,253
48,Alberta,4870,Census Agricultural Region 7,,253006,253
48,Alberta,4870,Census Agricultural Region 7,,253007,253
48,Alberta,4860,Census Agricultural Region 6,0,254001,254
48,Alberta,4870,Census Agricultural Region 7,1,254001,254
48,Alberta,4860,Census Agricultural Region 6,0,254002,254
48,Alberta,4870,Census Agricultural Region 7,1,254002,254
48,Alberta,4870,Census Agricultural Region 7,,254003,254
48,Alberta,4870,Census Agricultural Region 7,,254004,254
48,Alberta,4860,Census Agricultural Region 6,,263001,263
48,Alberta,4860,Census Agricultural Region 6,,263006,263
48,Alberta,4860,Census Agricultural Region 6,,263007,263
48,Alberta,4860,Census Agricultural Region 6,,263008,263
48,Alberta,4860,Census Agricultural Region 6,,263009,263
48,Alberta,4860,Census Agricultural Region 6,,263023,263
48,Alberta,4860,Census Agricultural Region 6,,263026,263
48,Alberta,4860,Census Agricultural Region 6,,331005,331
48,Alberta,4860,Census Agricultural Region 6,,331016,331
48,Alberta,4860,Census Agricultural Region 6,,331021,331
48,Alberta,4860,Census Agricultural Region 6,,338004,338
48,Alberta,4860,Census Agricultural Region 6,,574010,574
48,Alberta,4860,Census Agricultural Region 6,,574012,574
48,Alberta,4860,Census Agricultural Region 6,,574013,574
48,Alberta,4860,Census Agricultural Region 6,,574015,574
48,Alberta,4860,Census Agricultural Region 6,,574016,574
48,Alberta,4860,Census Agricultural Region 6,,574017,574
48,Alberta,4860,Census Agricultural Region 6,,574018,574
48,Alberta,4860,Census Agricultural Region 6,,574019,574
48,Alberta,4860,Census Agricultural Region 6,,576003,576
48,Alberta,4860,Census Agricultural Region 6,,576004,576
48,Alberta,4860,Census Agricultural Region 6,,576005,576
48,Alberta,4860,Census Agricultural Region 6,,576006,576
48,Alberta,4860,Census Agricultural Region 6,,576007,576
48,Alberta,4860,Census Agricultural Region 6,,576008,576
48,Alberta,4860,Census Agricultural Region 6,,576009,576
48,Alberta,4860,Census Agricultural Region 6,,576010,576
48,Alberta,4860,Census Agricultural Region 6,1,576011,576
48,Alberta,4870,Census Agricultural Region 7,0,576011,576
48,Alberta,4860,Census Agricultural Region 6,1,576012,576
48,Alberta,4870,Census Agricultural Region 7,0,576012,576
48,Alberta,4860,Census Agricultural Region 6,,577001,577
48,Alberta,4860,Census Agricultural Region 6,,577002,577
48,Alberta,4860,Census Agricultural Region 6,1,578001,578
48,Alberta,4870,Census Agricultural Region 7,0,578001,578
48,Alberta,4860,Census Agricultural Region 6,1,578002,578
48,Alberta,4870,Census Agricultural Region 7,0,578002,578
48,Alberta,4860,Census Agricultural Region 6,,578003,578
48,Alberta,4860,Census Agricultural Region 6,,579001,579
48,Alberta,4860,Census Agricultural Region 6,,579002,579
48,Alberta,4860,Census Agricultural Region 6,,579003,579
48,Alberta,4860,Census Agricultural Region 6,,579004,579
48,Alberta,4860,Census Agricultural Region 6,,579005,579
48,Alberta,4860,Census Agricultural Region 6,,579006,579
48,Alberta,4860,Census Agricultural Region 6,1,580001,580
48,Alberta,4870,Census Agricultural Region 7,0,580001,580
48,Alberta,4860,Census Agricultural Region 6,1,580002,580
48,Alberta,4870,Census Agricultural Region 7,0,580002,580
48,Alberta,4860,Census Agricultural Region 6,,580003,580
48,Alberta,4870,Census Agricultural Region 7,,581001,581
48,Alberta,4870,Census Agricultural Region 7,,581002,581
48,Alberta,4870,Census Agricultural Region 7,,581004,581
48,Alberta,4870,Census Agricultural Region 7,,581007,581
48,Alberta,4870,Census Agricultural Region 7,,581008,581
48,Alberta,4870,Census Agricultural Region 7,,581010,581
48,Alberta,4870,Census Agricultural Region 7,,582002,582
48,Alberta,4870,Census Agricultural Region 7,,582004,582
48,Alberta,4870,Census Agricultural Region 7,,582007,582
48,Alberta,4870,Census Agricultural Region 7,,583001,583
48,Alberta,4870,Census Agricultural Region 7,,583002,583
48,Alberta,4870,Census Agricultural Region 7,,583003,583
48,Alberta,4870,Census Agricultural Region 7,,583004,583
48,Alberta,4870,Census Agricultural Region 7,,583005,583
48,Alberta,4870,Census Agricultural Region 7,,583006,583
48,Alberta,4870,Census Agricultural Region 7,,583007,583
48,Alberta,4870,Census Agricultural Region 7,,583008,583
48,Alberta,4870,Census Agricultural Region 7,,583009,583
48,Alberta,4870,Census Agricultural Region 7,,583011,583
48,Alberta,4870,Census Agricultural Region 7,,583012,583
48,Alberta,4870,Census Agricultural Region 7,,583013,583
48,Alberta,4870,Census Agricultural Region 7,,583014,583
48,Alberta,4870,Census Agricultural Region 7,,583015,583
48,Alberta,4870,Census Agricultural Region 7,,583017,583
48,Alberta,4870,Census Agricultural Region 7,,583018,583
48,Alberta,4870,Census Agricultural Region 7,,583019,583
48,Alberta,4870,Census Agricultural Region 7,,584001,584
48,Alberta,4870,Census Agricultural Region 7,,584002,584
48,Alberta,4870,Census Agricultural Region 7,,584003,584
48,Alberta,4870,Census Agricultural Region 7,,586001,586
48,Alberta,4870,Census Agricultural Region 7,,586002,586
48,Alberta,4870,Census Agricultural Region 7,,586003,586
48,Alberta,4870,Census Agricultural Region 7,,586004,586
48,Alberta,4870,Census Agricultural Region 7,,586005,586
48,Alberta,4870,Census Agricultural Region 7,,586006,586
48,Alberta,4870,Census Agricultural Region 7,,586007,586
48,Alberta,4870,Census Agricultural Region 7,,586008,586
48,Alberta,4870,Census Agricultural Region 7,,586009,586
48,Alberta,4870,Census Agricultural Region 7,,586010,586
48,Alberta,4870,Census Agricultural Region 7,,586011,586
48,Alberta,4870,Census Agricultural Region 7,,586012,586
48,Alberta,4870,Census Agricultural Region 7,,586013,586
48,Alberta,4870,Census Agricultural Region 7,,586014,586
48,Alberta,4870,Census Agricultural Region 7,,586015,586
48,Alberta,4870,Census Agricultural Region 7,,586016,586
48,Alberta,4870,Census Agricultural Region 7,,587001,587
48,Alberta,4870,Census Agricultural Region 7,,587002,587
48,Alberta,4870,Census Agricultural Region 7,,587003,587
48,Alberta,4870,Census Agricultural Region 7,,587004,587
48,Alberta,4870,Census Agricultural Region 7,,587005,587
48,Alberta,4870,Census Agricultural Region 7,,587006,587
48,Alberta,4870,Census Agricultural Region 7,,588001,588
48,Alberta,4870,Census Agricultural Region 7,,588002,588
48,Alberta,4870,Census Agricultural Region 7,,588003,588
48,Alberta,4870,Census Agricultural Region 7,,588004,588
48,Alberta,4870,Census Agricultural Region 7,,588005,588
48,Alberta,4870,Census Agricultural Region 7,,588006,588
48,Alberta,4870,Census Agricultural Region 7,,588007,588
48,Alberta,4870,Census Agricultural Region 7,,588008,588
48,Alberta,4870,Census Agricultural Region 7,,588009,588
48,Alberta,4870,Census Agricultural Region 7,,588010,588
48,Alberta,4870,Census Agricultural Region 7,,588011,588
48,Alberta,4870,Census Agricultural Region 7,,588012,588
48,Alberta,4870,Census Agricultural Region 7,,588013,588
48,Alberta,4870,Census Agricultural Region 7,,588014,588
48,Alberta,4870,Census Agricultural Region 7,,589001,589
48,Alberta,4870,Census Agricultural Region 7,,589002,589
48,Alberta,4870,Census Agricultural Region 7,,589003,589
48,Alberta,4870,Census Agricultural Region 7,,589004,589
48,Alberta,4870,Census Agricultural Region 7,,589005,589
48,Alberta,4870,Census Agricultural Region 7,,590001,590
48,Alberta,4870,Census Agricultural Region 7,,590002,590
48,Alberta,4870,Census Agricultural Region 7,,590003,590
48,Alberta,4870,Census Agricultural Region 7,,590004,590
48,Alberta,4870,Census Agricultural Region 7,,590005,590
48,Alberta,4870,Census Agricultural Region 7,,590006,590
48,Alberta,4870,Census Agricultural Region 7,,591019,591
48,Alberta,4870,Census Agricultural Region 7,,591020,591
48,Alberta,4870,Census Agricultural Region 7,,591021,591
48,Alberta,4870,Census Agricultural Region 7,,591024,591
48,Alberta,4870,Census Agricultural Region 7,,591026,591
48,Alberta,4870,Census Agricultural Region 7,,591027,591
48,Alberta,4870,Census Agricultural Region 7,,591033,591
48,Alberta,4870,Census Agricultural Region 7,,591040,591
48,Alberta,4870,Census Agricultural Region 7,,591043,591
48,Alberta,4870,Census Agricultural Region 7,,591047,591
48,Alberta,4870,Census Agricultural Region 7,,591049,591
48,Alberta,4870,Census Agricultural Region 7,,592001,592
48,Alberta,4870,Census Agricultural Region 7,,592002,592
48,Alberta,4870,Census Agricultural Region 7,,592003,592
48,Alberta,4870,Census Agricultural Region 7,,592004,592
48,Alberta,4870,Census Agricultural Region 7,,592005,592
48,Alberta,4870,Census Agricultural Region 7,,592006,592
48,Alberta,4870,Census Agricultural Region 7,,592007,592
48,Alberta,4870,Census Agricultural Region 7,,592008,592
48,Alberta,4870,Census Agricultural Region 7,,592009,592
48,Alberta,4870,Census Agricultural Region 7,,592010,592
48,Alberta,4870,Census Agricultural Region 7,,592011,592
48,Alberta,4870,Census Agricultural Region 7,,593001,593
48,Alberta,4870,Census Agricultural Region 7,,593002,593
48,Alberta,4870,Census Agricultural Region 7,,593003,593
48,Alberta,4870,Census Agricultural Region 7,,593004,593
48,Alberta,4870,Census Agricultural Region 7,,593005,593
48,Alberta,4870,Census Agricultural Region 7,,594001,594
48,Alberta,4870,Census Agricultural Region 7,,594002,594
48,Alberta,4870,Census Agricultural Region 7,,594003,594
48,Alberta,4870,Census Agricultural Region 7,,594004,594
48,Alberta,4870,Census Agricultural Region 7,,594005,594
48,Alberta,4870,Census Agricultural Region 7,,595001,595
48,Alberta,4870,Census Agricultural Region 7,,595002,595
48,Alberta,4870,Census Agricultural Region 7,,595003,595
48,Alberta,4870,Census Agricultural Region 7,,596001,596
48,Alberta,4870,Census Agricultural Region 7,,596002,596
48,Alberta,4870,Census Agricultural Region 7,,596003,596
48,Alberta,4870,Census Agricultural Region 7,,596004,596
48,Alberta,4870,Census Agricultural Region 7,,596005,596
48,Alberta,4870,Census Agricultural Region 7,,596006,596
48,Alberta,4870,Census Agricultural Region 7,,596007,596
48,Alberta,4870,Census Agricultural Region 7,,596008,596
48,Alberta,4870,Census Agricultural Region 7,,596009,596
48,Alberta,4870,Census Agricultural Region 7,,596010,596
48,Alberta,4870,Census Agricultural Region 7,,597001,597
48,Alberta,4870,Census Agricultural Region 7,,597002,597
48,Alberta,4870,Census Agricultural Region 7,,597003,597
48,Alberta,4870,Census Agricultural Region 7,,597004,597
48,Alberta,4870,Census Agricultural Region 7,,597005,597
48,Alberta,4870,Census Agricultural Region 7,,598001,598
48,Alberta,4870,Census Agricultural Region 7,,598002,598
48,Alberta,4870,Census Agricultural Region 7,,598003,598
48,Alberta,4870,Census Agricultural Region 7,,598004,598
48,Alberta,4870,Census Agricultural Region 7,,598005,598
48,Alberta,4870,Census Agricultural Region 7,,599001,599
48,Alberta,4870,Census Agricultural Region 7,,599002,599
48,Alberta,4870,Census Agricultural Region 7,,599003,599
48,Alberta,4870,Census Agricultural Region 7,,600001,600
48,Alberta,4870,Census Agricultural Region 7,,600002,600
48,Alberta,4870,Census Agricultural Region 7,,600003,600
48,Alberta,4870,Census Agricultural Region 7,,600004,600
48,Alberta,4870,Census Agricultural Region 7,,600005,600
48,Alberta,4870,Census Agricultural Region 7,,601001,601
48,Alberta,4870,Census Agricultural Region 7,,601002,601
48,Alberta,4870,Census Agricultural Region 7,,601003,601
48,Alberta,4870,Census Agricultural Region 7,,601004,601
48,Alberta,4870,Census Agricultural Region 7,,601005,601
48,Alberta,4870,Census Agricultural Region 7,,601006,601
48,Alberta,4870,Census Agricultural Region 7,,601007,601
48,Alberta,4870,Census Agricultural Region 7,,602001,602
48,Alberta,4870,Census Agricultural Region 7,,603001,603
48,Alberta,4870,Census Agricultural Region 7,,604001,604
48,Alberta,4870,Census Agricultural Region 7,,604002,604
48,Alberta,4870,Census Agricultural Region 7,,604003,604
48,Alberta,4870,Census Agricultural Region 7,,604004,604
48,Alberta,4860,Census Agricultural Region 6,,605001,605
48,Alberta,4860,Census Agricultural Region 6,,605002,605
48,Alberta,4860,Census Agricultural Region 6,,605003,605
48,Alberta,4870,Census Agricultural Region 7,,605003,605
48,Alberta,4860,Census Agricultural Region 6,,605004,605
48,Alberta,4870,Census Agricultural Region 7,,605004,605
48,Alberta,4860,Census Agricultural Region 6,,605005,605
48,Alberta,4870,Census Agricultural Region 7,,605006,605
48,Alberta,4860,Census Agricultural Region 6,1,606001,606
48,Alberta,4870,Census Agricultural Region 7,0,606001,606
48,Alberta,4860,Census Agricultural Region 6,,606002,606
48,Alberta,4860,Census Agricultural Region 6,,606003,606
48,Alberta,4860,Census Agricultural Region 6,,606004,606
48,Alberta,4860,Census Agricultural Region 6,,606005,606
48,Alberta,4870,Census Agricultural Region 7,,607001,607
48,Alberta,4870,Census Agricultural Region 7,,607002,607
48,Alberta,4860,Census Agricultural Region 6,,607003,607
48,Alberta,4860,Census Agricultural Region 6,,607004,607
48,Alberta,4870,Census Agricultural Region 7,,607004,607
48,Alberta,4870,Census Agricultural Region 7,,607005,607
48,Alberta,4870,Census Agricultural Region 7,,607006,607
48,Alberta,4870,Census Agricultural Region 7,,607007,607
48,Alberta,4870,Census Agricultural Region 7,,607008,607
48,Alberta,4870,Census Agricultural Region 7,,607009,607
48,Alberta,4870,Census Agricultural Region 7,,607010,607
48,Alberta,4870,Census Agricultural Region 7,,607011,607
48,Alberta,4860,Census Agricultural Region 6,,607012,607
48,Alberta,4870,Census Agricultural Region 7,,607012,607
48,Alberta,4870,Census Agricultural Region 7,,607013,607
48,Alberta,4870,Census Agricultural Region 7,,607014,607
48,Alberta,4870,Census Agricultural Region 7,,607015,607
48,Alberta,4870,Census Agricultural Region 7,,607016,607
48,Alberta,4870,Census Agricultural Region 7,,607017,607
48,Alberta,4860,Census Agricultural Region 6,,608001,608
48,Alberta,4860,Census Agricultural Region 6,,608002,608
48,Alberta,4860,Census Agricultural Region 6,0,608003,608
48,Alberta,4870,Census Agricultural Region 7,1,608003,608
48,Alberta,4860,Census Agricultural Region 6,1,608004,608
48,Alberta,4870,Census Agricultural Region 7,0,608004,608
48,Alberta,4860,Census Agricultural Region 6,0,608005,608
48,Alberta,4870,Census Agricultural Region 7,1,608005,608
48,Alberta,4860,Census Agricultural Region 6,,608006,608
48,Alberta,4860,Census Agricultural Region 6,,608007,608
48,Alberta,4860,Census Agricultural Region 6,1,609001,609
48,Alberta,4870,Census Agricultural Region 7,0,609001,609
48,Alberta,4870,Census Agricultural Region 7,,609002,609
48,Alberta,4860,Census Agricultural Region 6,,609003,609
48,Alberta,4860,Census Agricultural Region 6,,609004,609
48,Alberta,4860,Census Agricultural Region 6,,609005,609
48,Alberta,4870,Census Agricultural Region 7,,609006,609
48,Alberta,4860,Census Agricultural Region 6,,609007,609
48,Alberta,4860,Census Agricultural Region 6,,609008,609
48,Alberta,4860,Census Agricultural Region 6,,609009,609
48,Alberta,4870,Census Agricultural Region 7,,610001,610
48,Alberta,4870,Census Agricultural Region 7,,610002,610
48,Alberta,4870,Census Agricultural Region 7,,610003,610
48,Alberta,4870,Census Agricultural Region 7,,610004,610
48,Alberta,4870,Census Agricultural Region 7,,610005,610
48,Alberta,4870,Census Agricultural Region 7,,610006,610
48,Alberta,4870,Census Agricultural Region 7,,610007,610
48,Alberta,4870,Census Agricultural Region 7,,610008,610
48,Alberta,4870,Census Agricultural Region 7,,610009,610
48,Alberta,4870,Census Agricultural Region 7,,610010,610
48,Alberta,4870,Census Agricultural Region 7,,610011,610
48,Alberta,4870,Census Agricultural Region 7,,610012,610
48,Alberta,4870,Census Agricultural Region 7,,610013,610
48,Alberta,4870,Census Agricultural Region 7,,610014,610
48,Alberta,4870,Census Agricultural Region 7,,610015,610
48,Alberta,4870,Census Agricultural Region 7,,610016,610
48,Alberta,4870,Census Agricultural Region 7,,610017,610
48,Alberta,4870,Census Agricultural Region 7,,610018,610
48,Alberta,4870,Census Agricultural Region 7,,610019,610
48,Alberta,4870,Census Agricultural Region 7,,610020,610
48,Alberta,4870,Census Agricultural Region 7,,610021,610
48,Alberta,4870,Census Agricultural Region 7,,611001,611
48,Alberta,4870,Census Agricultural Region 7,,611002,611
48,Alberta,4870,Census Agricultural Region 7,,611003,611
48,Alberta,4870,Census Agricultural Region 7,,611004,611
48,Alberta,4870,Census Agricultural Region 7,,612001,612
48,Alberta,4870,Census Agricultural Region 7,,612002,612
48,Alberta,4870,Census Agricultural Region 7,,612003,612
48,Alberta,4870,Census Agricultural Region 7,,612004,612
48,Alberta,4870,Census Agricultural Region 7,,612005,612
48,Alberta,4870,Census Agricultural Region 7,,612006,612
48,Alberta,4870,Census Agricultural Region 7,,612007,612
48,Alberta,4870,Census Agricultural Region 7,,612008,612
48,Alberta,4870,Census Agricultural Region 7,,612009,612
48,Alberta,4870,Census Agricultural Region 7,,613001,613
48,Alberta,4870,Census Agricultural Region 7,,613002,613
48,Alberta,4870,Census Agricultural Region 7,,613003,613
48,Alberta,4870,Census Agricultural Region 7,,614001,614
48,Alberta,4870,Census Agricultural Region 7,,614002,614
48,Alberta,4870,Census Agricultural Region 7,,614003,614
48,Alberta,4870,Census Agricultural Region 7,,615001,615
48,Alberta,4870,Census Agricultural Region 7,,615002,615
48,Alberta,4870,Census Agricultural Region 7,,615003,615
48,Alberta,4870,Census Agricultural Region 7,,615004,615
48,Alberta,4860,Census Agricultural Region 6,0,615005,615
48,Alberta,4870,Census Agricultural Region 7,1,615005,615
48,Alberta,4860,Census Agricultural Region 6,0,615006,615
48,Alberta,4870,Census Agricultural Region 7,1,615006,615
48,Alberta,4860,Census Agricultural Region 6,0,615007,615
48,Alberta,4870,Census Agricultural Region 7,1,615007,615
48,Alberta,4860,Census Agricultural Region 6,0,615008,615
48,Alberta,4870,Census Agricultural Region 7,1,615008,615
48,Alberta,4870,Census Agricultural Region 7,,615009,615
48,Alberta,4860,Census Agricultural Region 6,0,615010,615
48,Alberta,4870,Census Agricultural Region 7,1,615010,615
48,Alberta,4860,Census Agricultural Region 6,0,615011,615
48,Alberta,4870,Census Agricultural Region 7,1,615011,615
48,Alberta,4860,Census Agricultural Region 6,1,615012,615
48,Alberta,4870,Census Agricultural Region 7,0,615012,615
48,Alberta,4860,Census Agricultural Region 6,1,615013,615
48,Alberta,4870,Census Agricultural Region 7,0,615013,615
48,Alberta,4870,Census Agricultural Region 7,,616001,616
48,Alberta,4860,Census Agricultural Region 6,0,616002,616
48,Alberta,4870,Census Agricultural Region 7,1,616002,616
48,Alberta,4860,Census Agricultural Region 6,0,616003,616
48,Alberta,4870,Census Agricultural Region 7,1,616003,616
48,Alberta,4870,Census Agricultural Region 7,,616004,616
48,Alberta,4860,Census Agricultural Region 6,1,616005,616
48,Alberta,4870,Census Agricultural Region 7,0,616005,616
48,Alberta,4860,Census Agricultural Region 6,0,616006,616
48,Alberta,4870,Census Agricultural Region 7,1,616006,616
48,Alberta,4860,Census Agricultural Region 6,,616007,616
48,Alberta,4860,Census Agricultural Region 6,0,617001,617
48,Alberta,4870,Census Agricultural Region 7,1,617001,617
48,Alberta,4860,Census Agricultural Region 6,,617002,617
48,Alberta,4860,Census Agricultural Region 6,,617003,617
48,Alberta,4860,Census Agricultural Region 6,,617004,617
48,Alberta,4870,Census Agricultural Region 7,,618009,618
48,Alberta,4870,Census Agricultural Region 7,,618010,618
48,Alberta,4870,Census Agricultural Region 7,,618013,618
48,Alberta,4870,Census Agricultural Region 7,,618015,618
48,Alberta,4870,Census Agricultural Region 7,,618017,618
48,Alberta,4870,Census Agricultural Region 7,,618018,618
48,Alberta,4870,Census Agricultural Region 7,,618019,618
48,Alberta,4870,Census Agricultural Region 7,,618025,618
48,Alberta,4870,Census Agricultural Region 7,,618026,618
48,Alberta,4870,Census Agricultural Region 7,,618028,618
48,Alberta,4870,Census Agricultural Region 7,,618029,618
48,Alberta,4870,Census Agricultural Region 7,,618030,618
48,Alberta,4870,Census Agricultural Region 7,,618031,618
48,Alberta,4870,Census Agricultural Region 7,,618032,618
48,Alberta,4870,Census Agricultural Region 7,,618033,618
48,Alberta,4860,Census Agricultural Region 6,,618034,618
48,Alberta,4870,Census Agricultural Region 7,,618034,618
48,Alberta,4870,Census Agricultural Region 7,,618035,618
48,Alberta,4870,Census Agricultural Region 7,,618036,618
48,Alberta,4870,Census Agricultural Region 7,,618037,618
48,Alberta,4870,Census Agricultural Region 7,,618038,618
48,Alberta,4860,Census Agricultural Region 6,1,618039,618
48,Alberta,4870,Census Agricultural Region 7,0,618039,618
48,Alberta,4860,Census Agricultural Region 6,0,618040,618
48,Alberta,4870,Census Agricultural Region 7,1,618040,618
48,Alberta,4860,Census Agricultural Region 6,1,618041,618
48,Alberta,4870,Census Agricultural Region 7,0,618041,618
48,Alberta,4860,Census Agricultural Region 6,,618042,618
48,Alberta,4860,Census Agricultural Region 6,,618043,618
48,Alberta,4860,Census Agricultural Region 6,,618044,618
48,Alberta,4870,Census Agricultural Region 7,,619001,619
48,Alberta,4870,Census Agricultural Region 7,,619002,619
48,Alberta,4870,Census Agricultural Region 7,,619003,619
48,Alberta,4860,Census Agricultural Region 6,0,619004,619
48,Alberta,4870,Census Agricultural Region 7,1,619004,619
48,Alberta,4860,Census Agricultural Region 6,1,619005,619
48,Alberta,4870,Census Agricultural Region 7,0,619005,619
48,Alberta,4870,Census Agricultural Region 7,,619006,619
48,Alberta,4860,Census Agricultural Region 6,0,619007,619
48,Alberta,4870,Census Agricultural Region 7,1,619007,619
48,Alberta,4870,Census Agricultural Region 7,,619008,619
48,Alberta,4870,Census Agricultural Region 7,,619009,619
48,Alberta,4870,Census Agricultural Region 7,,619010,619
48,Alberta,4870,Census Agricultural Region 7,,620001,620
48,Alberta,4860,Census Agricultural Region 6,0,620002,620
48,Alberta,4870,Census Agricultural Region 7,1,620002,620
48,Alberta,4870,Census Agricultural Region 7,,621001,621
48,Alberta,4870,Census Agricultural Region 7,,621002,621
48,Alberta,4870,Census Agricultural Region 7,,621003,621
48,Alberta,4870,Census Agricultural Region 7,,621004,621
48,Alberta,4870,Census Agricultural Region 7,,621005,621
48,Alberta,4870,Census Agricultural Region 7,,621006,621
48,Alberta,4870,Census Agricultural Region 7,,621007,621
48,Alberta,4860,Census Agricultural Region 6,0,621008,621
48,Alberta,4870,Census Agricultural Region 7,1,621008,621
48,Alberta,4870,Census Agricultural Region 7,,621009,621
48,Alberta,4860,Census Agricultural Region 6,1,621010,621
48,Alberta,4870,Census Agricultural Region 7,0,621010,621
48,Alberta,4860,Census Agricultural Region 6,,621011,621
48,Alberta,4860,Census Agricultural Region 6,,621012,621
48,Alberta,4860,Census Agricultural Region 6,,621013,621
48,Alberta,4860,Census Agricultural Region 6,,621014,621
48,Alberta,4860,Census Agricultural Region 6,,622001,622
48,Alberta,4860,Census Agricultural Region 6,,622002,622
48,Alberta,4860,Census Agricultural Region 6,,622003,622
48,Alberta,4860,Census Agricultural Region 6,,622004,622
48,Alberta,4860,Census Agricultural Region 6,,623001,623
48,Alberta,4860,Census Agricultural Region 6,,623002,623
48,Alberta,4860,Census Agricultural Region 6,,623003,623
48,Alberta,4860,Census Agricultural Region 6,,623004,623
48,Alberta,4860,Census Agricultural Region 6,,623005,623
48,Alberta,4860,Census Agricultural Region 6,,623006,623
48,Alberta,4860,Census Agricultural Region 6,,623007,623
48,Alberta,4860,Census Agricultural Region 6,,623008,623
48,Alberta,4850,Census Agricultural Region 5,0,623009,623
48,Alberta,4860,Census Agricultural Region 6,1,623009,623
48,Alberta,4850,Census Agricultural Region 5,0,623010,623
48,Alberta,4860,Census Agricultural Region 6,1,623010,623
48,Alberta,4850,Census Agricultural Region 5,,623011,623
48,Alberta,4850,Census Agricultural Region 5,1,623012,623
48,Alberta,4860,Census Agricultural Region 6,0,623012,623
48,Alberta,4850,Census Agricultural Region 5,1,623013,623
48,Alberta,4860,Census Agricultural Region 6,0,623013,623
48,Alberta,4850,Census Agricultural Region 5,,623014,623
48,Alberta,4850,Census Agricultural Region 5,,623015,623
48,Alberta,4850,Census Agricultural Region 5,,623016,623
48,Alberta,4850,Census Agricultural Region 5,,623017,623
48,Alberta,4850,Census Agricultural Region 5,,623018,623
48,Alberta,4860,Census Agricultural Region 6,,624001,624
48,Alberta,4860,Census Agricultural Region 6,,624002,624
48,Alberta,4860,Census Agricultural Region 6,,624003,624
48,Alberta,4860,Census Agricultural Region 6,,624004,624
48,Alberta,4860,Census Agricultural Region 6,,625001,625
48,Alberta,4860,Census Agricultural Region 6,,625002,625
48,Alberta,4860,Census Agricultural Region 6,,625003,625
48,Alberta,4860,Census Agricultural Region 6,,625004,625
48,Alberta,4860,Census Agricultural Region 6,,625005,625
48,Alberta,4860,Census Agricultural Region 6,,625006,625
48,Alberta,4830,Census Agricultural Region 3,0,625007,625
48,Alberta,4860,Census Agricultural Region 6,1,625007,625
48,Alberta,4860,Census Agricultural Region 6,,625008,625
48,Alberta,4860,Census Agricultural Region 6,,625009,625
48,Alberta,4860,Census Agricultural Region 6,,625010,625
48,Alberta,4850,Census Agricultural Region 5,0,625011,625
48,Alberta,4860,Census Agricultural Region 6,1,625011,625
48,Alberta,4860,Census Agricultural Region 6,,626001,626
48,Alberta,4860,Census Agricultural Region 6,,626002,626
48,Alberta,4860,Census Agricultural Region 6,,626003,626
48,Alberta,4860,Census Agricultural Region 6,,626004,626
48,Alberta,4850,Census Agricultural Region 5,,626005,626
48,Alberta,4860,Census Agricultural Region 6,,626005,626
48,Alberta,4850,Census Agricultural Region 5,0,626006,626
48,Alberta,4860,Census Agricultural Region 6,1,626006,626
48,Alberta,4850,Census Agricultural Region 5,1,626007,626
48,Alberta,4860,Census Agricultural Region 6,0,626007,626
48,Alberta,4850,Census Agricultural Region 5,,626008,626
48,Alberta,4850,Census Agricultural Region 5,,626009,626
48,Alberta,4860,Census Agricultural Region 6,,627001,627
48,Alberta,4860,Census Agricultural Region 6,,627002,627
48,Alberta,4860,Census Agricultural Region 6,,627003,627
48,Alberta,4860,Census Agricultural Region 6,,627004,627
48,Alberta,4860,Census Agricultural Region 6,,627005,627
48,Alberta,4850,Census Agricultural Region 5,1,627006,627
48,Alberta,4860,Census Agricultural Region 6,0,627006,627
48,Alberta,4860,Census Agricultural Region 6,,628001,628
48,Alberta,4830,Census Agricultural Region 3,0,628002,628
48,Alberta,4850,Census Agricultural Region 5,0,628002,628
48,Alberta,4860,Census Agricultural Region 6,1,628002,628
48,Alberta,4850,Census Agricultural Region 5,1,628003,628
48,Alberta,4860,Census Agricultural Region 6,0,628003,628
48,Alberta,4850,Census Agricultural Region 5,,628004,628
48,Alberta,4850,Census Agricultural Region 5,,628005,628
48,Alberta,4850,Census Agricultural Region 5,,628006,628
48,Alberta,4830,Census Agricultural Region 3,0,628007,628
48,Alberta,4850,Census Agricultural Region 5,1,628007,628
48,Alberta,4850,Census Agricultural Region 5,,628008,628
48,Alberta,4830,Census Agricultural Region 3,1,628009,628
48,Alberta,4850,Census Agricultural Region 5,0,628009,628
48,Alberta,4850,Census Agricultural Region 5,,629001,629
48,Alberta,4850,Census Agricultural Region 5,,629002,629
48,Alberta,4850,Census Agricultural Region 5,,629003,629
48,Alberta,4850,Census Agricultural Region 5,,629004,629
48,Alberta,4830,Census Agricultural Region 3,0,629005,629
48,Alberta,4850,Census Agricultural Region 5,1,629005,629
48,Alberta,4830,Census Agricultural Region 3,0,629006,629
48,Alberta,4850,Census Agricultural Region 5,1,629006,629
48,Alberta,4830,Census Agricultural Region 3,1,629007,629
48,Alberta,4850,Census Agricultural Region 5,0,629007,629
48,Alberta,4830,Census Agricultural Region 3,1,629008,629
48,Alberta,4850,Census Agricultural Region 5,0,629008,629
48,Alberta,4850,Census Agricultural Region 5,,630001,630
48,Alberta,4850,Census Agricultural Region 5,,630002,630
48,Alberta,4850,Census Agricultural Region 5,,630003,630
48,Alberta,4850,Census Agricultural Region 5,,630004,630
48,Alberta,4830,Census Agricultural Region 3,,631001,631
48,Alberta,4830,Census Agricultural Region 3,,631002,631
48,Alberta,4860,Census Agricultural Region 6,,632001,632
48,Alberta,4860,Census Agricultural Region 6,,632002,632
48,Alberta,4860,Census Agricultural Region 6,,632003,632
48,Alberta,4860,Census Agricultural Region 6,,632004,632
48,Alberta,4860,Census Agricultural Region 6,,632005,632
48,Alberta,4860,Census Agricultural Region 6,,632006,632
48,Alberta,4860,Census Agricultural Region 6,,632007,632
48,Alberta,4860,Census Agricultural Region 6,,632008,632
48,Alberta,4860,Census Agricultural Region 6,,632009,632
48,Alberta,4860,Census Agricultural Region 6,,632010,632
48,Alberta,4860,Census Agricultural Region 6,,632011,632
48,Alberta,4860,Census Agricultural Region 6,,633001,633
48,Alberta,4860,Census Agricultural Region 6,,633003,633
48,Alberta,4860,Census Agricultural Region 6,,633011,633
48,Alberta,4860,Census Agricultural Region 6,,633016,633
48,Alberta,4860,Census Agricultural Region 6,,633021,633
48,Alberta,4860,Census Agricultural Region 6,,633025,633
48,Alberta,4860,Census Agricultural Region 6,,634001,634
48,Alberta,4860,Census Agricultural Region 6,,634002,634
48,Alberta,4860,Census Agricultural Region 6,,634003,634
48,Alberta,4860,Census Agricultural Region 6,,635001,635
48,Alberta,4860,Census Agricultural Region 6,,635002,635
48,Alberta,4860,Census Agricultural Region 6,,635003,635
48,Alberta,4860,Census Agricultural Region 6,,635004,635
48,Alberta,4860,Census Agricultural Region 6,,637001,637
48,Alberta,4860,Census Agricultural Region 6,,637002,637
48,Alberta,4860,Census Agricultural Region 6,,637003,637
48,Alberta,4860,Census Agricultural Region 6,,637004,637
48,Alberta,4860,Census Agricultural Region 6,,637005,637
48,Alberta,4860,Census Agricultural Region 6,,637006,637
48,Alberta,4860,Census Agricultural Region 6,,637008,637
48,Alberta,4860,Census Agricultural Region 6,,637009,637
48,Alberta,4860,Census Agricultural Region 6,,637016,637
48,Alberta,4860,Census Agricultural Region 6,,637018,637
48,Alberta,4860,Census Agricultural Region 6,,638001,638
48,Alberta,4860,Census Agricultural Region 6,,638002,638
48,Alberta,4860,Census Agricultural Region 6,,638003,638
48,Alberta,4860,Census Agricultural Region 6,,638004,638
48,Alberta,4860,Census Agricultural Region 6,,638005,638
48,Alberta,4860,Census Agricultural Region 6,,638006,638
48,Alberta,4860,Census Agricultural Region 6,,638007,638
48,Alberta,4860,Census Agricultural Region 6,,638008,638
48,Alberta,4860,Census Agricultural Region 6,,638009,638
48,Alberta,4860,Census Agricultural Region 6,,638010,638
48,Alberta,4860,Census Agricultural Region 6,,638011,638
48,Alberta,4860,Census Agricultural Region 6,,639001,639
48,Alberta,4860,Census Agricultural Region 6,,641001,641
48,Alberta,4860,Census Agricultural Region 6,,641002,641
48,Alberta,4860,Census Agricultural Region 6,,641006,641
48,Alberta,4860,Census Agricultural Region 6,,641010,641
48,Alberta,4860,Census Agricultural Region 6,,644001,644
48,Alberta,4860,Census Agricultural Region 6,,644002,644
48,Alberta,4860,Census Agricultural Region 6,,644005,644
48,Alberta,4860,Census Agricultural Region 6,,650001,650
48,Alberta,4860,Census Agricultural Region 6,,650002,650
48,Alberta,4860,Census Agricultural Region 6,,650003,650
48,Alberta,4860,Census Agricultural Region 6,,650004,650
48,Alberta,4860,Census Agricultural Region 6,,650005,650
48,Alberta,4860,Census Agricultural Region 6,,650006,650
48,Alberta,4860,Census Agricultural Region 6,,650007,650
48,Alberta,4860,Census Agricultural Region 6,,650008,650
48,Alberta,4860,Census Agricultural Region 6,,652003,652
48,Alberta,4860,Census Agricultural Region 6,,678001,678
48,Alberta,4860,Census Agricultural Region 6,,678002,678
48,Alberta,4860,Census Agricultural Region 6,,678003,678
48,Alberta,4860,Census Agricultural Region 6,,678004,678
48,Alberta,4860,Census Agricultural Region 6,,678005,678
48,Alberta,4860,Census Agricultural Region 6,,678006,678
48,Alberta,4860,Census Agricultural Region 6,,678007,678
48,Alberta,4860,Census Agricultural Region 6,,678008,678
48,Alberta,4860,Census Agricultural Region 6,,678009,678
48,Alberta,4860,Census Agricultural Region 6,,678010,678
48,Alberta,4860,Census Agricultural Region 6,,678011,678
48,Alberta,4860,Census Agricultural Region 6,,678012,678
48,Alberta,4860,Census Agricultural Region 6,,679001,679
48,Alberta,4860,Census Agricultural Region 6,,680001,680
48,Alberta,4860,Census Agricultural Region 6,,680002,680
48,Alberta,4860,Census Agricultural Region 6,,680003,680
48,Alberta,4860,Census Agricultural Region 6,,680004,680
48,Alberta,4860,Census Agricultural Region 6,,680005,680
48,Alberta,4860,Census Agricultural Region 6,,680008,680
48,Alberta,4860,Census Agricultural Region 6,,680010,680
48,Alberta,4860,Census Agricultural Region 6,,681001,681
48,Alberta,4860,Census Agricultural Region 6,,681002,681
48,Alberta,4860,Census Agricultural Region 6,,681003,681
48,Alberta,4860,Census Agricultural Region 6,,681004,681
48,Alberta,4860,Census Agricultural Region 6,,681005,681
48,Alberta,4860,Census Agricultural Region 6,,681006,681
48,Alberta,4841,Census Agricultural Region 4B,0,683001,683
48,Alberta,4850,Census Agricultural Region 5,1,683001,683
48,Alberta,4860,Census Agricultural Region 6,0,683001,683
48,Alberta,4841,Census Agricultural Region 4B,0,683002,683
48,Alberta,4850,Census Agricultural Region 5,0,683002,683
48,Alberta,4860,Census Agricultural Region 6,1,683002,683
48,Alberta,4841,Census Agricultural Region 4B,0,683003,683
48,Alberta,4850,Census Agricultural Region 5,0,683003,683
48,Alberta,4860,Census Agricultural Region 6,1,683003,683
48,Alberta,4860,Census Agricultural Region 6,,684001,684
48,Alberta,4860,Census Agricultural Region 6,,684002,684
48,Alberta,4860,Census Agricultural Region 6,,684003,684
48,Alberta,4850,Census Agricultural Region 5,0,684004,684
48,Alberta,4860,Census Agricultural Region 6,1,684004,684
48,Alberta,4860,Census Agricultural Region 6,,684005,684
48,Alberta,4860,Census Agricultural Region 6,,684006,684
48,Alberta,4850,Census Agricultural Region 5,0,684007,684
48,Alberta,4860,Census Agricultural Region 6,1,684007,684
48,Alberta,4850,Census Agricultural Region 5,0,684008,684
48,Alberta,4860,Census Agricultural Region 6,1,684008,684
48,Alberta,4850,Census Agricultural Region 5,1,684009,684
48,Alberta,4860,Census Agricultural Region 6,0,684009,684
48,Alberta,4850,Census Agricultural Region 5,,684010,684
48,Alberta,4850,Census Agricultural Region 5,,684011,684
48,Alberta,4850,Census Agricultural Region 5,,684012,684
48,Alberta,4860,Census Agricultural Region 6,,686001,686
48,Alberta,4860,Census Agricultural Region 6,,686002,686
48,Alberta,4841,Census Agricultural Region 4B,0,686004,686
48,Alberta,4860,Census Agricultural Region 6,1,686004,686
48,Alberta,4841,Census Agricultural Region 4B,0,686006,686
48,Alberta,4860,Census Agricultural Region 6,1,686006,686
48,Alberta,4860,Census Agricultural Region 6,,687001,687
48,Alberta,4841,Census Agricultural Region 4B,0,687002,687
48,Alberta,4860,Census Agricultural Region 6,1,687002,687
48,Alberta,4841,Census Agricultural Region 4B,1,687003,687
48,Alberta,4860,Census Agricultural Region 6,0,687003,687
48,Alberta,4841,Census Agricultural Region 4B,,687004,687
48,Alberta,4841,Census Agricultural Region 4B,0,688001,688
48,Alberta,4860,Census Agricultural Region 6,1,688001,688
48,Alberta,4841,Census Agricultural Region 4B,1,688002,688
48,Alberta,4860,Census Agricultural Region 6,0,688002,688
48,Alberta,4841,Census Agricultural Region 4B,,688003,688
48,Alberta,4841,Census Agricultural Region 4B,,688004,688
48,Alberta,4850,Census Agricultural Region 5,0,692001,692
48,Alberta,4860,Census Agricultural Region 6,1,692001,692
48,Alberta,4850,Census Agricultural Region 5,,692002,692
48,Alberta,4850,Census Agricultural Region 5,,692003,692
48,Alberta,4850,Census Agricultural Region 5,,692004,692
48,Alberta,4850,Census Agricultural Region 5,,692005,692
48,Alberta,4850,Census Agricultural Region 5,,692006,692
48,Alberta,4850,Census Agricultural Region 5,,692007,692
48,Alberta,4850,Census Agricultural Region 5,,692008,692
48,Alberta,4850,Census Agricultural Region 5,,692009,692
48,Alberta,4850,Census Agricultural Region 5,,692010,692
48,Alberta,4850,Census Agricultural Region 5,,703001,703
48,Alberta,4850,Census Agricultural Region 5,,703002,703
48,Alberta,4850,Census Agricultural Region 5,,703003,703
48,Alberta,4850,Census Agricultural Region 5,,703004,703
48,Alberta,4850,Census Agricultural Region 5,,703005,703
48,Alberta,4850,Census Agricultural Region 5,,703006,703
48,Alberta,4850,Census Agricultural Region 5,,703007,703
48,Alberta,4850,Census Agricultural Region 5,,708001,708
48,Alberta,4850,Census Agricultural Region 5,,708002,708
48,Alberta,4830,Census Agricultural Region 3,0,708003,708
48,Alberta,4850,Census Agricultural Region 5,1,708003,708
48,Alberta,4830,Census Agricultural Region 3,1,708004,708
48,Alberta,4850,Census Agricultural Region 5,0,708004,708
48,Alberta,4830,Census Agricultural Region 3,1,708005,708
48,Alberta,4850,Census Agricultural Region 5,0,708005,708
48,Alberta,4830,Census Agricultural Region 3,,708006,708
48,Alberta,4850,Census Agricultural Region 5,1,727001,727
48,Alberta,4860,Census Agricultural Region 6,0,727001,727
48,Alberta,4841,Census Agricultural Region 4B,0,727002,727
48,Alberta,4850,Census Agricultural Region 5,1,727002,727
48,Alberta,4850,Census Agricultural Region 5,,727003,727
48,Alberta,4850,Census Agricultural Region 5,,727004,727
48,Alberta,4850,Census Agricultural Region 5,,727005,727
48,Alberta,4850,Census Agricultural Region 5,,727006,727
48,Alberta,4850,Census Agricultural Region 5,,727007,727
48,Alberta,4850,Census Agricultural Region 5,,727008,727
48,Alberta,4850,Census Agricultural Region 5,,727009,727
48,Alberta,4841,Census Agricultural Region 4B,0,727010,727
48,Alberta,4850,Census Agricultural Region 5,1,727010,727
48,Alberta,4850,Census Agricultural Region 5,,727011,727
48,Alberta,4841,Census Agricultural Region 4B,0,727012,727
48,Alberta,4850,Census Agricultural Region 5,1,727012,727
48,Alberta,4841,Census Agricultural Region 4B,0,727013,727
48,Alberta,4850,Census Agricultural Region 5,1,727013,727
48,Alberta,4850,Census Agricultural Region 5,1,727014,727
48,Alberta,4860,Census Agricultural Region 6,0,727014,727
48,Alberta,4841,Census Agricultural Region 4B,,728001,728
48,Alberta,4841,Census Agricultural Region 4B,,728002,728
48,Alberta,4841,Census Agricultural Region 4B,,728003,728
48,Alberta,4841,Census Agricultural Region 4B,,728004,728
48,Alberta,4841,Census Agricultural Region 4B,,728005,728
48,Alberta,4841,Census Agricultural Region 4B,,728006,728
48,Alberta,4841,Census Agricultural Region 4B,1,729001,729
48,Alberta,4860,Census Agricultural Region 6,0,729001,729
48,Alberta,4841,Census Agricultural Region 4B,,729002,729
48,Alberta,4841,Census Agricultural Region 4B,,729003,729
48,Alberta,4841,Census Agricultural Region 4B,,729004,729
48,Alberta,4840,Census Agricultural Region 4A,,729006,729
48,Alberta,4841,Census Agricultural Region 4B,,729006,729
48,Alberta,4840,Census Agricultural Region 4A,1,729011,729
48,Alberta,4841,Census Agricultural Region 4B,0,729011,729
48,Alberta,4840,Census Agricultural Region 4A,,729012,729
48,Alberta,4840,Census Agricultural Region 4A,,729016,729
48,Alberta,4841,Census Agricultural Region 4B,1,730001,730
48,Alberta,4860,Census Agricultural Region 6,0,730001,730
48,Alberta,4841,Census Agricultural Region 4B,,730002,730
48,Alberta,4841,Census Agricultural Region 4B,,730003,730
48,Alberta,4841,Census Agricultural Region 4B,,730004,730
48,Alberta,4840,Census Agricultural Region 4A,0,730005,730
48,Alberta,4841,Census Agricultural Region 4B,1,730005,730
48,Alberta,4840,Census Agricultural Region 4A,0,730006,730
48,Alberta,4841,Census Agricultural Region 4B,1,730006,730
48,Alberta,4840,Census Agricultural Region 4A,1,730007,730
48,Alberta,4841,Census Agricultural Region 4B,0,730007,730
48,Alberta,4840,Census Agricultural Region 4A,1,730008,730
48,Alberta,4841,Census Agricultural Region 4B,0,730008,730
48,Alberta,4840,Census Agricultural Region 4A,,730009,730
48,Alberta,4840,Census Agricultural Region 4A,,730010,730
48,Alberta,4840,Census Agricultural Region 4A,,730011,730
48,Alberta,4841,Census Agricultural Region 4B,1,731001,731
48,Alberta,4850,Census Agricultural Region 5,0,731001,731
48,Alberta,4841,Census Agricultural Region 4B,1,731002,731
48,Alberta,4850,Census Agricultural Region 5,0,731002,731
48,Alberta,4841,Census Agricultural Region 4B,,731003,731
48,Alberta,4841,Census Agricultural Region 4B,,731004,731
48,Alberta,4840,Census Agricultural Region 4A,0,731005,731
48,Alberta,4841,Census Agricultural Region 4B,1,731005,731
48,Alberta,4840,Census Agricultural Region 4A,0,731006,731
48,Alberta,4841,Census Agricultural Region 4B,1,731006,731
48,Alberta,4841,Census Agricultural Region 4B,,731007,731
48,Alberta,4840,Census Agricultural Region 4A,0,731008,731
48,Alberta,4841,Census Agricultural Region 4B,1,731008,731
48,Alberta,4840,Census Agricultural Region 4A,1,731009,731
48,Alberta,4841,Census Agricultural Region 4B,0,731009,731
48,Alberta,4841,Census Agricultural Region 4B,,731010,731
48,Alberta,4840,Census Agricultural Region 4A,1,731011,731
48,Alberta,4841,Census Agricultural Region 4B,0,731011,731
48,Alberta,4840,Census Agricultural Region 4A,,731012,731
48,Alberta,4840,Census Agricultural Region 4A,,731013,731
48,Alberta,4840,Census Agricultural Region 4A,,731014,731
48,Alberta,4840,Census Agricultural Region 4A,,731015,731
48,Alberta,4840,Census Agricultural Region 4A,,731016,731
48,Alberta,4841,Census Agricultural Region 4B,1,732001,732
48,Alberta,4850,Census Agricultural Region 5,0,732001,732
48,Alberta,4850,Census Agricultural Region 5,,737001,737
48,Alberta,4850,Census Agricultural Region 5,,737002,737
48,Alberta,4850,Census Agricultural Region 5,,737003,737
48,Alberta,4850,Census Agricultural Region 5,,737004,737
48,Alberta,4850,Census Agricultural Region 5,,737005,737
48,Alberta,4840,Census Agricultural Region 4A,1,738001,738
48,Alberta,4841,Census Agricultural Region 4B,0,738001,738
48,Alberta,4840,Census Agricultural Region 4A,,738002,738
48,Alberta,4840,Census Agricultural Region 4A,,738003,738
48,Alberta,4840,Census Agricultural Region 4A,,738004,738
48,Alberta,4840,Census Agricultural Region 4A,,738005,738
48,Alberta,4840,Census Agricultural Region 4A,,738006,738
48,Alberta,4840,Census Agricultural Region 4A,,738007,738
48,Alberta,4810,Census Agricultural Region 1,0,739001,739
48,Alberta,4840,Census Agricultural Region 4A,1,739001,739
48,Alberta,4840,Census Agricultural Region 4A,,739002,739
48,Alberta,4840,Census Agricultural Region 4A,,739003,739
48,Alberta,4841,Census Agricultural Region 4B,1,740001,740
48,Alberta,4850,Census Agricultural Region 5,0,740001,740
48,Alberta,4840,Census Agricultural Region 4A,1,740002,740
48,Alberta,4841,Census Agricultural Region 4B,0,740002,740
48,Alberta,4850,Census Agricultural Region 5,0,740002,740
48,Alberta,4840,Census Agricultural Region 4A,0,740003,740
48,Alberta,4841,Census Agricultural Region 4B,0,740003,740
48,Alberta,4850,Census Agricultural Region 5,1,740003,740
48,Alberta,4840,Census Agricultural Region 4A,0,740004,740
48,Alberta,4850,Census Agricultural Region 5,1,740004,740
48,Alberta,4850,Census Agricultural Region 5,,740005,740
48,Alberta,4840,Census Agricultural Region 4A,1,740006,740
48,Alberta,4850,Census Agricultural Region 5,0,740006,740
48,Alberta,4820,Census Agricultural Region 2,0,740007,740
48,Alberta,4850,Census Agricultural Region 5,1,740007,740
48,Alberta,4820,Census Agricultural Region 2,1,740008,740
48,Alberta,4840,Census Agricultural Region 4A,0,740008,740
48,Alberta,4850,Census Agricultural Region 5,0,740008,740
48,Alberta,4820,Census Agricultural Region 2,0,740009,740
48,Alberta,4840,Census Agricultural Region 4A,1,740009,740
48,Alberta,4840,Census Agricultural Region 4A,,743001,743
48,Alberta,4810,Census Agricultural Region 1,0,743002,743
48,Alberta,4840,Census Agricultural Region 4A,1,743002,743
48,Alberta,4840,Census Agricultural Region 4A,,743003,743
48,Alberta,4841,Census Agricultural Region 4B,0,744001,744
48,Alberta,4850,Census Agricultural Region 5,1,744001,744
48,Alberta,4850,Census Agricultural Region 5,,744002,744
48,Alberta,4850,Census Agricultural Region 5,,744003,744
48,Alberta,4820,Census Agricultural Region 2,0,744004,744
48,Alberta,4850,Census Agricultural Region 5,1,744004,744
48,Alberta,4820,Census Agricultural Region 2,1,744005,744
48,Alberta,4850,Census Agricultural Region 5,0,744005,744
48,Alberta,4820,Census Agricultural Region 2,0,746001,746
48,Alberta,4830,Census Agricultural Region 3,1,746001,746
48,Alberta,4850,Census Agricultural Region 5,0,746001,746
48,Alberta,4830,Census Agricultural Region 3,,746002,746
48,Alberta,4830,Census Agricultural Region 3,,750001,750
48,Alberta,4830,Census Agricultural Region 3,,750002,750
48,Alberta,4830,Census Agricultural Region 3,,750003,750
48,Alberta,4830,Census Agricultural Region 3,,750004,750
48,Alberta,4830,Census Agricultural Region 3,,750005,750
48,Alberta,4830,Census Agricultural Region 3,,750006,750
48,Alberta,4830,Census Agricultural Region 3,,750007,750
48,Alberta,4830,Census Agricultural Region 3,,750008,750
48,Alberta,4810,Census Agricultural Region 1,0,769001,769
48,Alberta,4840,Census Agricultural Region 4A,1,769001,769
48,Alberta,4810,Census Agricultural Region 1,0,769002,769
48,Alberta,4840,Census Agricultural Region 4A,1,769002,769
48,Alberta,4810,Census Agricultural Region 1,0,769003,769
48,Alberta,4840,Census Agricultural Region 4A,1,769003,769
48,Alberta,4840,Census Agricultural Region 4A,,769004,769
48,Alberta,4810,Census Agricultural Region 1,,769005,769
48,Alberta,4810,Census Agricultural Region 1,1,771001,771
48,Alberta,4840,Census Agricultural Region 4A,0,771001,771
48,Alberta,4840,Census Agricultural Region 4A,,771002,771
48,Alberta,4810,Census Agricultural Region 1,,771003,771
48,Alberta,4840,Census Agricultural Region 4A,,771004,771
48,Alberta,4810,Census Agricultural Region 1,1,771005,771
48,Alberta,4840,Census Agricultural Region 4A,0,771005,771
48,Alberta,4810,Census Agricultural Region 1,,771006,771
48,Alberta,4810,Census Agricultural Region 1,,771008,771
48,Alberta,4810,Census Agricultural Region 1,0,777001,777
48,Alberta,4840,Census Agricultural Region 4A,1,777001,777
48,Alberta,4810,Census Agricultural Region 1,1,777002,777
48,Alberta,4840,Census Agricultural Region 4A,0,777002,777
48,Alberta,4810,Census Agricultural Region 1,1,777003,777
48,Alberta,4840,Census Agricultural Region 4A,0,777003,777
48,Alberta,4810,Census Agricultural Region 1,0,779001,779
48,Alberta,4820,Census Agricultural Region 2,0,779001,779
48,Alberta,4840,Census Agricultural Region 4A,1,779001,779
48,Alberta,4820,Census Agricultural Region 2,1,779002,779
48,Alberta,4840,Census Agricultural Region 4A,0,779002,779
48,Alberta,4820,Census Agricultural Region 2,,781001,781
48,Alberta,4820,Census Agricultural Region 2,,781002,781
48,Alberta,4810,Census Agricultural Region 1,0,781003,781
48,Alberta,4820,Census Agricultural Region 2,1,781003,781
48,Alberta,4810,Census Agricultural Region 1,0,781004,781
48,Alberta,4820,Census Agricultural Region 2,1,781004,781
48,Alberta,4840,Census Agricultural Region 4A,0,781004,781
48,Alberta,4810,Census Agricultural Region 1,0,781005,781
48,Alberta,4820,Census Agricultural Region 2,1,781005,781
48,Alberta,4820,Census Agricultural Region 2,,781006,781
48,Alberta,4820,Census Agricultural Region 2,,781007,781
48,Alberta,4820,Census Agricultural Region 2,,781008,781
48,Alberta,4820,Census Agricultural Region 2,,781009,781
48,Alberta,4810,Census Agricultural Region 1,0,786001,786
48,Alberta,4820,Census Agricultural Region 2,1,786001,786
48,Alberta,4810,Census Agricultural Region 1,0,786002,786
48,Alberta,4820,Census Agricultural Region 2,1,786002,786
48,Alberta,4810,Census Agricultural Region 1,1,786003,786
48,Alberta,4820,Census Agricultural Region 2,0,786003,786
48,Alberta,4810,Census Agricultural Region 1,1,786004,786
48,Alberta,4820,Census Agricultural Region 2,0,786004,786
48,Alberta,4810,Census Agricultural Region 1,1,786005,786
48,Alberta,4820,Census Agricultural Region 2,0,786005,786
48,Alberta,4810,Census Agricultural Region 1,0,786006,786
48,Alberta,4820,Census Agricultural Region 2,1,786006,786
48,Alberta,4820,Census Agricultural Region 2,,786007,786
48,Alberta,4820,Census Agricultural Region 2,,787001,787
48,Alberta,4820,Census Agricultural Region 2,,787002,787
48,Alberta,4820,Census Agricultural Region 2,,787003,787
48,Alberta,4820,Census Agricultural Region 2,,787004,787
48,Alberta,4820,Census Agricultural Region 2,,788001,788
48,Alberta,4820,Census Agricultural Region 2,,788002,788
48,Alberta,4820,Census Agricultural Region 2,,790001,790
48,Alberta,4820,Census Agricultural Region 2,,790002,790
48,Alberta,4820,Census Agricultural Region 2,,790003,790
48,Alberta,4820,Census Agricultural Region 2,1,791001,791
48,Alberta,4830,Census Agricultural Region 3,0,791001,791
48,Alberta,4820,Census Agricultural Region 2,,791002,791
48,Alberta,4820,Census Agricultural Region 2,,791003,791
48,Alberta,4820,Census Agricultural Region 2,0,793001,793
48,Alberta,4830,Census Agricultural Region 3,1,793001,793
48,Alberta,4820,Census Agricultural Region 2,1,793002,793
48,Alberta,4830,Census Agricultural Region 3,0,793002,793
48,Alberta,4820,Census Agricultural Region 2,,793003,793
48,Alberta,4820,Census Agricultural Region 2,,793004,793
48,Alberta,4820,Census Agricultural Region 2,1,793005,793
48,Alberta,4830,Census Agricultural Region 3,0,793005,793
48,Alberta,4820,Census Agricultural Region 2,,793006,793
48,Alberta,4820,Census Agricultural Region 2,,793007,793
48,Alberta,4820,Census Agricultural Region 2,0,793008,793
48,Alberta,4830,Census Agricultural Region 3,1,793008,793
48,Alberta,4820,Census Agricultural Region 2,,793009,793
48,Alberta,4830,Census Agricultural Region 3,,793010,793
48,Alberta,4820,Census Agricultural Region 2,,793011,793
48,Alberta,4820,Census Agricultural Region 2,,793012,793
48,Alberta,4820,Census Agricultural Region 2,,793013,793
48,Alberta,4820,Census Agricultural Region 2,,793014,793
48,Alberta,4830,Census Agricultural Region 3,,793014,793
48,Alberta,4820,Census Agricultural Region 2,0,793015,793
48,Alberta,4830,Census Agricultural Region 3,1,793015,793
48,Alberta,4830,Census Agricultural Region 3,,793016,793
48,Alberta,4830,Census Agricultural Region 3,,793017,793
48,Alberta,4820,Census Agricultural Region 2,1,797001,797
48,Alberta,4830,Census Agricultural Region 3,0,797001,797
48,Alberta,4820,Census Agricultural Region 2,1,797002,797
48,Alberta,4830,Census Agricultural Region 3,0,797002,797
48,Alberta,4820,Census Agricultural Region 2,0,797003,797
48,Alberta,4830,Census Agricultural Region 3,1,797003,797
48,Alberta,4820,Census Agricultural Region 2,0,797004,797
48,Alberta,4830,Census Agricultural Region 3,1,797004,797
48,Alberta,4820,Census Agricultural Region 2,1,798001,798
48,Alberta,4830,Census Agricultural Region 3,0,798001,798
48,Alberta,4820,Census Agricultural Region 2,0,798002,798
48,Alberta,4830,Census Agricultural Region 3,1,798002,798
48,Alberta,4830,Census Agricultural Region 3,,798003,798
48,Alberta,4820,Census Agricultural Region 2,1,798004,798
48,Alberta,4830,Census Agricultural Region 3,0,798004,798
48,Alberta,4820,Census Agricultural Region 2,0,798005,798
48,Alberta,4830,Census Agricultural Region 3,1,798005,798
48,Alberta,4820,Census Agricultural Region 2,0,798006,798
48,Alberta,4830,Census Agricultural Region 3,1,798006,798
48,Alberta,4820,Census Agricultural Region 2,0,798007,798
48,Alberta,4830,Census Agricultural Region 3,1,798007,798
48,Alberta,4820,Census Agricultural Region 2,0,798008,798
48,Alberta,4830,Census Agricultural Region 3,1,798008,798
48,Alberta,4830,Census Agricultural Region 3,,798009,798
48,Alberta,4830,Census Agricultural Region 3,,798010,798
48,Alberta,4830,Census Agricultural Region 3,,798011,798
48,Alberta,4830,Census Agricultural Region 3,,799001,799
48,Alberta,4830,Census Agricultural Region 3,,800001,800
48,Alberta,4830,Census Agricultural Region 3,,800002,800
48,Alberta,4830,Census Agricultural Region 3,,800003,800
48,Alberta,4830,Census Agricultural Region 3,,800004,800
48,Alberta,4830,Census Agricultural Region 3,,800005,800
48,Alberta,4830,Census Agricultural Region 3,,800006,800
48,Alberta,4830,Census Agricultural Region 3,,800007,800
48,Alberta,4830,Census Agricultural Region 3,,801001,801
48,Alberta,4830,Census Agricultural Region 3,,801002,801
48,Alberta,4830,Census Agricultural Region 3,,802001,802
48,Alberta,4820,Census Agricultural Region 2,,802002,802
48,Alberta,4830,Census Agricultural Region 3,,802002,802
48,Alberta,4830,Census Agricultural Region 3,,802003,802
48,Alberta,4810,Census Agricultural Region 1,,804001,804
48,Alberta,4810,Census Agricultural Region 1,,804002,804
48,Alberta,4810,Census Agricultural Region 1,,804003,804
48,Alberta,4810,Census Agricultural Region 1,,804004,804
48,Alberta,4810,Census Agricultural Region 1,,805003,805
48,Alberta,4810,Census Agricultural Region 1,,805007,805
48,Alberta,4810,Census Agricultural Region 1,,806001,806
48,Alberta,4810,Census Agricultural Region 1,,806002,806
48,Alberta,4810,Census Agricultural Region 1,,806003,806
48,Alberta,4810,Census Agricultural Region 1,,806004,806
48,Alberta,4810,Census Agricultural Region 1,,806005,806
48,Alberta,4810,Census Agricultural Region 1,,806006,806
48,Alberta,4810,Census Agricultural Region 1,,806007,806
48,Alberta,4810,Census Agricultural Region 1,,806008,806
48,Alberta,4810,Census Agricultural Region 1,,806009,806
48,Alberta,4820,Census Agricultural Region 2,,806009,806
48,Alberta,4810,Census Agricultural Region 1,0,806010,806
48,Alberta,4820,Census Agricultural Region 2,1,806010,806
48,Alberta,4810,Census Agricultural Region 1,1,806011,806
48,Alberta,4820,Census Agricultural Region 2,0,806011,806
48,Alberta,4810,Census Agricultural Region 1,0,806012,806
48,Alberta,4820,Census Agricultural Region 2,1,806012,806
48,Alberta,4810,Census Agricultural Region 1,,809001,809
48,Alberta,4810,Census Agricultural Region 1,,809002,809
48,Alberta,4810,Census Agricultural Region 1,,809003,809
48,Alberta,4810,Census Agricultural Region 1,,809004,809
48,Alberta,4810,Census Agricultural Region 1,,809005,809
48,Alberta,4810,Census Agricultural Region 1,,809006,809
48,Alberta,4810,Census Agricultural Region 1,,809008,809
48,Alberta,4810,Census Agricultural Region 1,,809009,809
48,Alberta,4810,Census Agricultural Region 1,,809013,809
48,Alberta,4810,Census Agricultural Region 1,,809014,809
48,Alberta,4810,Census Agricultural Region 1,,809017,809
48,Alberta,4810,Census Agricultural Region 1,,811001,811
48,Alberta,4810,Census Agricultural Region 1,,811002,811
48,Alberta,4810,Census Agricultural Region 1,,811003,811
48,Alberta,4820,Census Agricultural Region 2,,812001,812
48,Alberta,4820,Census Agricultural Region 2,,812002,812
48,Alberta,4820,Census Agricultural Region 2,,812003,812
48,Alberta,4820,Census Agricultural Region 2,,812004,812
48,Alberta,4820,Census Agricultural Region 2,,812005,812
48,Alberta,4820,Census Agricultural Region 2,,812006,812
48,Alberta,4810,Census Agricultural Region 1,1,812007,812
48,Alberta,4820,Census Agricultural Region 2,0,812007,812
48,Alberta,4820,Census Agricultural Region 2,,812008,812
48,Alberta,4810,Census Agricultural Region 1,,812009,812
48,Alberta,4820,Census Agricultural Region 2,,812010,812
48,Alberta,4820,Census Agricultural Region 2,,812011,812
48,Alberta,4820,Census Agricultural Region 2,,812012,812
48,Alberta,4810,Census Agricultural Region 1,,814001,814
48,Alberta,4810,Census Agricultural Region 1,,814002,814
48,Alberta,4810,Census Agricultural Region 1,,814003,814
48,Alberta,4810,Census Agricultural Region 1,,814004,814
48,Alberta,4810,Census Agricultural Region 1,,814005,814
48,Alberta,4810,Census Agricultural Region 1,,814006,814
48,Alberta,4810,Census Agricultural Region 1,,815001,815
48,Alberta,4810,Census Agricultural Region 1,,815002,815
48,Alberta,4810,Census Agricultural Region 1,,815003,815
48,Alberta,4810,Census Agricultural Region 1,,815004,815
48,Alberta,4810,Census Agricultural Region 1,,815005,815
48,Alberta,4810,Census Agricultural Region 1,,815006,815
48,Alberta,4810,Census Agricultural Region 1,,815007,815
48,Alberta,4810,Census Agricultural Region 1,,815008,815
48,Alberta,4820,Census Agricultural Region 2,,818001,818
48,Alberta,4820,Census Agricultural Region 2,,818002,818
48,Alberta,4820,Census Agricultural Region 2,,818003,818
48,Alberta,4820,Census Agricultural Region 2,,818004,818
48,Alberta,4820,Census Agricultural Region 2,,818005,818
48,Alberta,4820,Census Agricultural Region 2,,818006,818
48,Alberta,4810,Census Agricultural Region 1,,821001,821
48,Alberta,4810,Census Agricultural Region 1,,821002,821
48,Alberta,4810,Census Agricultural Region 1,,821003,821
48,Alberta,4810,Census Agricultural Region 1,,821004,821
48,Alberta,4810,Census Agricultural Region 1,,821005,821
48,Alberta,4810,Census Agricultural Region 1,,821006,821
48,Alberta,4810,Census Agricultural Region 1,,821008,821
48,Alberta,4820,Census Agricultural Region 2,,823001,823
48,Alberta,4820,Census Agricultural Region 2,,823002,823
48,Alberta,4820,Census Agricultural Region 2,,823003,823
48,Alberta,4820,Census Agricultural Region 2,,823004,823
48,Alberta,4820,Census Agricultural Region 2,,823005,823
48,Alberta,4820,Census Agricultural Region 2,,823006,823
48,Alberta,4810,Census Agricultural Region 1,0,823007,823
48,Alberta,4820,Census Agricultural Region 2,1,823007,823
48,Alberta,4810,Census Agricultural Region 1,1,823008,823
48,Alberta,4820,Census Agricultural Region 2,0,823008,823
48,Alberta,4820,Census Agricultural Region 2,,828001,828
48,Alberta,4820,Census Agricultural Region 2,,828002,828
48,Alberta,4820,Census Agricultural Region 2,,828003,828
48,Alberta,4820,Census Agricultural Region 2,,828004,828
48,Alberta,4810,Census Agricultural Region 1,1,828005,828
48,Alberta,4820,Census Agricultural Region 2,0,828005,828
48,Alberta,4810,Census Agricultural Region 1,,828006,828
48,Alberta,4810,Census Agricultural Region 1,1,828007,828
48,Alberta,4820,Census Agricultural Region 2,0,828007,828
48,Alberta,4810,Census Agricultural Region 1,,828008,828
48,Alberta,4810,Census Agricultural Region 1,1,828009,828
48,Alberta,4820,Census Agricultural Region 2,0,828009,828
48,Alberta,4810,Census Agricultural Region 1,,828010,828
48,Alberta,4810,Census Agricultural Region 1,1,828011,828
48,Alberta,4820,Census Agricultural Region 2,0,828011,828
48,Alberta,4810,Census Agricultural Region 1,0,828012,828
48,Alberta,4820,Census Agricultural Region 2,1,828012,828
48,Alberta,4810,Census Agricultural Region 1,1,828013,828
48,Alberta,4820,Census Agricultural Region 2,0,828013,828
48,Alberta,4810,Census Agricultural Region 1,,828014,828
48,Alberta,4810,Census Agricultural Region 1,1,828015,828
48,Alberta,4820,Census Agricultural Region 2,0,828015,828
48,Alberta,4810,Census Agricultural Region 1,1,828016,828
48,Alberta,4820,Census Agricultural Region 2,0,828016,828
48,Alberta,4810,Census Agricultural Region 1,0,828017,828
48,Alberta,4820,Census Agricultural Region 2,1,828017,828
48,Alberta,4810,Census Agricultural Region 1,,828018,828
48,Alberta,4810,Census Agricultural Region 1,1,828019,828
48,Alberta,4820,Census Agricultural Region 2,0,828019,828
48,Alberta,4810,Census Agricultural Region 1,,828020,828
48,Alberta,4810,Census Agricultural Region 1,,828021,828
48,Alberta,4810,Census Agricultural Region 1,0,829001,829
48,Alberta,4820,Census Agricultural Region 2,1,829001,829
48,Alberta,4820,Census Agricultural Region 2,,829002,829
48,Alberta,4820,Census Agricultural Region 2,,829003,829
48,Alberta,4810,Census Agricultural Region 1,0,829004,829
48,Alberta,4820,Census Agricultural Region 2,1,829004,829
48,Alberta,4810,Census Agricultural Region 1,0,829005,829
48,Alberta,4820,Census Agricultural Region 2,1,829005,829
48,Alberta,4810,Census Agricultural Region 1,,833001,833
48,Alberta,4810,Census Agricultural Region 1,,833004,833
48,Alberta,4810,Census Agricultural Region 1,,833005,833
48,Alberta,4810,Census Agricultural Region 1,,833006,833
48,Alberta,4810,Census Agricultural Region 1,1,833007,833
48,Alberta,4820,Census Agricultural Region 2,0,833007,833
48,Alberta,4810,Census Agricultural Region 1,0,833008,833
48,Alberta,4820,Census Agricultural Region 2,1,833008,833
48,Alberta,4810,Census Agricultural Region 1,,833009,833
48,Alberta,4810,Census Agricultural Region 1,,833010,833
48,Alberta,4810,Census Agricultural Region 1,,833011,833
48,Alberta,4810,Census Agricultural Region 1,1,836001,836
48,Alberta,4820,Census Agricultural Region 2,0,836001,836
48,Alberta,4810,Census Agricultural Region 1,,837004,837
48,Alberta,4810,Census Agricultural Region 1,,838011,838
48,Alberta,4810,Census Agricultural Region 1,,838012,838
48,Alberta,4810,Census Agricultural Region 1,,838014,838
48,Alberta,4810,Census Agricultural Region 1,,838016,838
48,Alberta,4810,Census Agricultural Region 1,,838017,838
48,Alberta,4860,Census Agricultural Region 6,,993003,993
48,Alberta,4860,Census Agricultural Region 6,,993005,993
48,Alberta,4830,Census Agricultural Region 3,,993013,993
48,Alberta,4830,Census Agricultural Region 3,,993014,993
48,Alberta,4830,Census Agricultural Region 3,,994006,994
48,Alberta,4830,Census Agricultural Region 3,,995001,995
48,Alberta,4830,Census Agricultural Region 3,,995005,995
48,Alberta,4830,Census Agricultural Region 3,,995008,995
48,Alberta,4830,Census Agricultural Region 3,,995012,995
48,Alberta,4870,Census Agricultural Region 7,,996003,996
48,Alberta,4870,Census Agricultural Region 7,,996005,996
48,Alberta,4860,Census Agricultural Region 6,0,996006,996
48,Alberta,4870,Census Agricultural Region 7,1,996006,996
48,Alberta,4870,Census Agricultural Region 7,,996008,996
48,Alberta,4870,Census Agricultural Region 7,,996009,996
48,Alberta,4870,Census Agricultural Region 7,,996010,996
48,Alberta,4860,Census Agricultural Region 6,1,996011,996
48,Alberta,4870,Census Agricultural Region 7,0,996011,996
48,Alberta,4860,Census Agricultural Region 6,1,996012,996
48,Alberta,4870,Census Agricultural Region 7,0,996012,996
48,Alberta,4870,Census Agricultural Region 7,,997001,997
48,Alberta,4830,Census Agricultural Region 3,0,997002,997
48,Alberta,4860,Census Agricultural Region 6,1,997002,997
48,Alberta,4870,Census Agricultural Region 7,0,997002,997
48,Alberta,4860,Census Agricultural Region 6,0,997004,997
48,Alberta,4870,Census Agricultural Region 7,1,997004,997
48,Alberta,4860,Census Agricultural Region 6,1,997005,997
48,Alberta,4870,Census Agricultural Region 7,0,997005,997
48,Alberta,4860,Census Agricultural Region 6,0,997006,997
48,Alberta,4870,Census Agricultural Region 7,1,997006,997
48,Alberta,4860,Census Agricultural Region 6,,997007,997
48,Alberta,4860,Census Agricultural Region 6,1,997008,997
48,Alberta,4870,Census Agricultural Region 7,0,997008,997
48,Alberta,4830,Census Agricultural Region 3,0,997009,997
48,Alberta,4860,Census Agricultural Region 6,1,997009,997
48,Alberta,4830,Census Agricultural Region 3,1,997010,997
48,Alberta,4860,Census Agricultural Region 6,0,997010,997
48,Alberta,4830,Census Agricultural Region 3,0,997011,997
48,Alberta,4860,Census Agricultural Region 6,1,997011,997
48,Alberta,4830,Census Agricultural Region 3,1,997012,997
48,Alberta,4860,Census Agricultural Region 6,0,997012,997
48,Alberta,4830,Census Agricultural Region 3,1,997013,997
48,Alberta,4860,Census Agricultural Region 6,0,997013,997
48,Alberta,4830,Census Agricultural Region 3,,997014,997
48,Alberta,4860,Census Agricultural Region 6,,998001,998
48,Alberta,4860,Census Agricultural Region 6,,998002,998
48,Alberta,4830,Census Agricultural Region 3,,999001,999
48,Alberta,4830,Census Agricultural Region 3,1,999002,999
48,Alberta,4860,Census Agricultural Region 6,0,999002,999
48,Alberta,4830,Census Agricultural Region 3,,999003,999
48,Alberta,4830,Census Agricultural Region 3,1,999004,999
48,Alberta,4860,Census Agricultural Region 6,0,999004,999
48,Alberta,4830,Census Agricultural Region 3,,999005,999
48,Alberta,4830,Census Agricultural Region 3,,999006,999
48,Alberta,4830,Census Agricultural Region 3,1,999007,999
48,Alberta,4850,Census Agricultural Region 5,0,999007,999
48,Alberta,4830,Census Agricultural Region 3,0,999008,999
48,Alberta,4850,Census Agricultural Region 5,1,999008,999
48,Alberta,4830,Census Agricultural Region 3,1,999009,999
48,Alberta,4850,Census Agricultural Region 5,0,999009,999
48,Alberta,4830,Census Agricultural Region 3,0,999010,999
48,Alberta,4850,Census Agricultural Region 5,1,999010,999
48,Alberta,4830,Census Agricultural Region 3,0,999011,999
48,Alberta,4850,Census Agricultural Region 5,1,999011,999
48,Alberta,4830,Census Agricultural Region 3,0,999012,999
48,Alberta,4850,Census Agricultural Region 5,1,999012,999
48,Alberta,4830,Census Agricultural Region 3,0,999013,999
48,Alberta,4850,Census Agricultural Region 5,1,999013,999
48,Alberta,4850,Census Agricultural Region 5,,999014,999
48,Alberta,4830,Census Agricultural Region 3,1,999015,999
48,Alberta,4850,Census Agricultural Region 5,0,999015,999
48,Alberta,4830,Census Agricultural Region 3,0,999016,999
48,Alberta,4850,Census Agricultural Region 5,1,999016,999
48,Alberta,4850,Census Agricultural Region 5,,999017,999
48,Alberta,4830,Census Agricultural Region 3,1,999018,999
48,Alberta,4850,Census Agricultural Region 5,0,999018,999
48,Alberta,4830,Census Agricultural Region 3,,999019,999
48,Alberta,4830,Census Agricultural Region 3,0,999020,999
48,Alberta,4850,Census Agricultural Region 5,1,999020,999
48,Alberta,4830,Census Agricultural Region 3,,999021,999
48,Alberta,4830,Census Agricultural Region 3,1,999022,999
48,Alberta,4850,Census Agricultural Region 5,0,999022,999
48,Alberta,4830,Census Agricultural Region 3,,999023,999
48,Alberta,4830,Census Agricultural Region 3,,999024,999
48,Alberta,4830,Census Agricultural Region 3,,999025,999
48,Alberta,4830,Census Agricultural Region 3,,999026,999
48,Alberta,4830,Census Agricultural Region 3,,999027,999
48,Alberta,4830,Census Agricultural Region 3,,999028,999
48,Alberta,4830,Census Agricultural Region 3,,1000001,1000
48,Alberta,4830,Census Agricultural Region 3,,1000002,1000
48,Alberta,4830,Census Agricultural Region 3,,1000003,1000
48,Alberta,4830,Census Agricultural Region 3,,1016001,1016
48,Alberta,4830,Census Agricultural Region 3,,1016002,1016
48,Alberta,4830,Census Agricultural Region 3,,1016003,1016
48,Alberta,4830,Census Agricultural Region 3,,1017001,1017
48,Alberta,4830,Census Agricultural Region 3,,1017002,1017
48,Alberta,4830,Census Agricultural Region 3,,1017004,1017
48,Alberta,4830,Census Agricultural Region 3,,1017008,1017
48,Alberta,4830,Census Agricultural Region 3,,1017017,1017
48,Alberta,4830,Census Agricultural Region 3,,1017018,1017
48,Alberta,4830,Census Agricultural Region 3,,1017024,1017
48,Alberta,4830,Census Agricultural Region 3,,1017025,1017
48,Alberta,4830,Census Agricultural Region 3,,1017026,1017
48,Alberta,4830,Census Agricultural Region 3,,1018001,1018
48,Alberta,4830,Census Agricultural Region 3,,1018002,1018
48,Alberta,4830,Census Agricultural Region 3,,1018003,1018
48,Alberta,4830,Census Agricultural Region 3,,1018004,1018
48,Alberta,4830,Census Agricultural Region 3,,1018005,1018
48,Alberta,4830,Census Agricultural Region 3,,1018006,1018
48,Alberta,4830,Census Agricultural Region 3,,1018007,1018
48,Alberta,4830,Census Agricultural Region 3,,1018008,1018
48,Alberta,4830,Census Agricultural Region 3,,1019001,1019
48,Alberta,4830,Census Agricultural Region 3,,1019002,1019
48,Alberta,4830,Census Agricultural Region 3,,1019003,1019
48,Alberta,4830,Census Agricultural Region 3,,1019004,1019
48,Alberta,4870,Census Agricultural Region 7,,9593001,9593
48,Alberta,4870,Census Agricultural Region 7,,9593002,9593
48,Alberta,4860,Census Agricultural Region 6,0,9607001,9607
48,Alberta,4870,Census Agricultural Region 7,1,9607001,9607
48,Alberta,4870,Census Agricultural Region 7,,9607002,9607
48,Alberta,4860,Census Agricultural Region 6,0,9607003,9607
48,Alberta,4870,Census Agricultural Region 7,1,9607003,9607
48,Alberta,4870,Census Agricultural Region 7,,9607004,9607
48,Alberta,4860,Census Agricultural Region 6,0,9607005,9607
48,Alberta,4870,Census Agricultural Region 7,1,9607005,9607
48,Alberta,4860,Census Agricultural Region 6,0,9607006,9607
48,Alberta,4870,Census Agricultural Region 7,1,9607006,9607
48,Alberta,4860,Census Agricultural Region 6,1,9608001,9608
48,Alberta,4870,Census Agricultural Region 7,0,9608001,9608
48,Alberta,4860,Census Agricultural Region 6,1,9608002,9608
48,Alberta,4870,Census Agricultural Region 7,0,9608002,9608
48,Alberta,4860,Census Agricultural Region 6,,9608003,9608
48,Alberta,4860,Census Agricultural Region 6,,9609001,9609
48,Alberta,4860,Census Agricultural Region 6,,9609002,9609
48,Alberta,4860,Census Agricultural Region 6,,9609003,9609
48,Alberta,4860,Census Agricultural Region 6,1,9609004,9609
48,Alberta,4870,Census Agricultural Region 7,0,9609004,9609
48,Alberta,4860,Census Agricultural Region 6,,9609005,9609
48,Alberta,4860,Census Agricultural Region 6,,9609006,9609
48,Alberta,4860,Census Agricultural Region 6,,9687001,9687
48,Alberta,4860,Census Agricultural Region 6,,9687002,9687
48,Alberta,4860,Census Agricultural Region 6,,9687003,9687
48,Alberta,4860,Census Agricultural Region 6,,9687004,9687
48,Alberta,4860,Census Agricultural Region 6,,9687005,9687
48,Alberta,4841,Census Agricultural Region 4B,1,9687006,9687
48,Alberta,4860,Census Agricultural Region 6,0,9687006,9687
48,Alberta,4860,Census Agricultural Region 6,,9687007,9687
48,Alberta,4841,Census Agricultural Region 4B,,9687008,9687
48,Alberta,4841,Census Agricultural Region 4B,0,9687009,9687
48,Alberta,4860,Census Agricultural Region 6,1,9687009,9687
48,Alberta,4860,Census Agricultural Region 6,,9687010,9687
48,Alberta,4860,Census Agricultural Region 6,,9687011,9687
48,Alberta,4810,Census Agricultural Region 1,,9787001,9787
48,Alberta,4810,Census Agricultural Region 1,0,9787002,9787
48,Alberta,4820,Census Agricultural Region 2,1,9787002,9787
48,Alberta,4820,Census Agricultural Region 2,,9787003,9787
48,Alberta,4820,Census Agricultural Region 2,,9787004,9787
