PR,CARUID,PRSAD,YEAR,CROP,SEEDED,ESEED,HARV,EHARV,PERHARV,YIELD,YLDLBS,EYIELD,PRODN,PRDLBS,EPRODN,NYIELD,NYLDLBS,NEYIELD,PPYIELD,CSAD
59,5901,5901,1985,Barley,-99,-99,-99,-99,-99,-99,-99,-99,-99,-99,-99,-99.0,-99,-99,-99.00,"Non Peace, 1 - British Columbia"
59,5901,5901,1985,Canola,-99,-99,-99,-99,-99,-99,-99,-99,-99,-99,-99,-99.0,-99,-99,-99.00,"Non Peace, 1 - British Columbia"
59,5901,5901,1985,Oats,-99,-99,-99,-99,-99,-99,-99,-99,-99,-99,-99,-99.0,-99,-99,-99.00,"Non Peace, 1 - British Columbia"
59,5901,5901,1985,"Peas, dry",-99,-99,-99,-99,-99,-99,-99,-99,-99,-99,-99,-99.0,-99,-99,-99.00,"Non Peace, 1 - British Columbia"
59,5901,5901,1985,"Rye, fall remaining",-99,-99,-99,-99,-99,-99,-99,-99,-99,-99,-99,-99.0,-99,-99,-99.00,"Non Peace, 1 - British Columbia"
59,5901,5901,1985,Summerfallow,-99,-99,-99,-99,-99,-99,-99,-99,-99,-99,-99,-99.0,-99,-99,-99.00,"Non Peace, 1 - British Columbia"
59,5901,5901,1985,"Wheat, spring",-99,-99,-99,-99,-99,-99,-99,-99,-99,-99,-99,-99.0,-99,-99,-99.00,"Non Peace, 1 - British Columbia"
59,5908,5908,1985,Barley,-99,-99,-99,-99,-99,-99,-99,-99,-99,-99,-99,-99.0,-99,-99,-99.00,"Peace River, 8 - British Columbia"
59,5908,5908,1985,Canola,-99,-99,-99,-99,-99,-99,-99,-99,-99,-99,-99,-99.0,-99,-99,-99.00,"Peace River, 8 - British Columbia"
59,5908,5908,1985,Oats,-99,-99,-99,-99,-99,-99,-99,-99,-99,-99,-99,-99.0,-99,-99,-99.00,"Peace River, 8 - British Columbia"
59,5908,5908,1985,"Peas, dry",-99,-99,-99,-99,-99,-99,-99,-99,-99,-99,-99,-99.0,-99,-99,-99.00,"Peace River, 8 - British Columbia"
59,5908,5908,1985,"Rye, fall remaining",-99,-99,-99,-99,-99,-99,-99,-99,-99,-99,-99,-99.0,-99,-99,-99.00,"Peace River, 8 - British Columbia"
59,5908,5908,1985,Summerfallow,-99,-99,-99,-99,-99,-99,-99,-99,-99,-99,-99,-99.0,-99,-99,-99.00,"Peace River, 8 - British Columbia"
59,5908,5908,1985,"Wheat, spring",-99,-99,-99,-99,-99,-99,-99,-99,-99,-99,-99,-99.0,-99,-99,-99.00,"Peace River, 8 - British Columbia"
59,all,all,1985,Barley,-99,-99,-99,-99,-99,-99,-99,-99,-99,-99,-99,-99.0,-99,-99,-99.00,British Columbia
59,all,all,1985,Canola,-99,-99,-99,-99,-99,-99,-99,-99,-99,-99,-99,-99.0,-99,-99,-99.00,British Columbia
59,all,all,1985,Oats,-99,-99,-99,-99,-99,-99,-99,-99,-99,-99,-99,-99.0,-99,-99,-99.00,British Columbia
59,all,all,1985,"Peas, dry",-99,-99,-99,-99,-99,-99,-99,-99,-99,-99,-99,-99.0,-99,-99,-99.00,British Columbia
59,all,all,1985,"Rye, fall remaining",-99,-99,-99,-99,-99,-99,-99,-99,-99,-99,-99,-99.0,-99,-99,-99.00,British Columbia
59,all,all,1985,Summerfallow,-99,-99,-99,-99,-99,-99,-99,-99,-99,-99,-99,-99.0,-99,-99,-99.00,British Columbia
59,all,all,1985,"Wheat, spring",-99,-99,-99,-99,-99,-99,-99,-99,-99,-99,-99,-99.0,-99,-99,-99.00,British Columbia
59,5901,5901,1986,Barley,-99,-99,-99,-99,-99,-99,-99,-99,-99,-99,-99,-99.0,-99,-99,-99.00,"Non Peace, 1 - British Columbia"
59,5901,5901,1986,Canola,-99,-99,-99,-99,-99,-99,-99,-99,-99,-99,-99,-99.0,-99,-99,-99.00,"Non Peace, 1 - British Columbia"
59,5901,5901,1986,Oats,-99,-99,-99,-99,-99,-99,-99,-99,-99,-99,-99,-99.0,-99,-99,-99.00,"Non Peace, 1 - British Columbia"
59,5901,5901,1986,"Peas, dry",-99,-99,-99,-99,-99,-99,-99,-99,-99,-99,-99,-99.0,-99,-99,-99.00,"Non Peace, 1 - British Columbia"
59,5901,5901,1986,"Rye, fall remaining",-99,-99,-99,-99,-99,-99,-99,-99,-99,-99,-99,-99.0,-99,-99,-99.00,"Non Peace, 1 - British Columbia"
59,5901,5901,1986,Summerfallow,-99,-99,-99,-99,-99,-99,-99,-99,-99,-99,-99,-99.0,-99,-99,-99.00,"Non Peace, 1 - British Columbia"
59,5901,5901,1986,"Wheat, spring",-99,-99,-99,-99,-99,-99,-99,-99,-99,-99,-99,-99.0,-99,-99,-99.00,"Non Peace, 1 - British Columbia"
59,5908,5908,1986,Barley,-99,-99,-99,-99,-99,-99,-99,-99,-99,-99,-99,-99.0,-99,-99,-99.00,"Peace River, 8 - British Columbia"
59,5908,5908,1986,Canola,-99,-99,-99,-99,-99,-99,-99,-99,-99,-99,-99,-99.0,-99,-99,-99.00,"Peace River, 8 - British Columbia"
59,5908,5908,1986,Oats,-99,-99,-99,-99,-99,-99,-99,-99,-99,-99,-99,-99.0,-99,-99,-99.00,"Peace River, 8 - British Columbia"
59,5908,5908,1986,"Peas, dry",-99,-99,-99,-99,-99,-99,-99,-99,-99,-99,-99,-99.0,-99,-99,-99.00,"Peace River, 8 - British Columbia"
59,5908,5908,1986,"Rye, fall remaining",-99,-99,-99,-99,-99,-99,-99,-99,-99,-99,-99,-99.0,-99,-99,-99.00,"Peace River, 8 - British Columbia"
59,5908,5908,1986,Summerfallow,-99,-99,-99,-99,-99,-99,-99,-99,-99,-99,-99,-99.0,-99,-99,-99.00,"Peace River, 8 - British Columbia"
59,5908,5908,1986,"Wheat, spring",-99,-99,-99,-99,-99,-99,-99,-99,-99,-99,-99,-99.0,-99,-99,-99.00,"Peace River, 8 - British Columbia"
59,all,all,1986,Barley,-99,-99,-99,-99,-99,-99,-99,-99,-99,-99,-99,-99.0,-99,-99,-99.00,British Columbia
59,all,all,1986,Canola,-99,-99,-99,-99,-99,-99,-99,-99,-99,-99,-99,-99.0,-99,-99,-99.00,British Columbia
59,all,all,1986,Oats,-99,-99,-99,-99,-99,-99,-99,-99,-99,-99,-99,-99.0,-99,-99,-99.00,British Columbia
59,all,all,1986,"Peas, dry",-99,-99,-99,-99,-99,-99,-99,-99,-99,-99,-99,-99.0,-99,-99,-99.00,British Columbia
59,all,all,1986,"Rye, fall remaining",-99,-99,-99,-99,-99,-99,-99,-99,-99,-99,-99,-99.0,-99,-99,-99.00,British Columbia
59,all,all,1986,Summerfallow,-99,-99,-99,-99,-99,-99,-99,-99,-99,-99,-99,-99.0,-99,-99,-99.00,British Columbia
59,all,all,1986,"Wheat, spring",-99,-99,-99,-99,-99,-99,-99,-99,-99,-99,-99,-99.0,-99,-99,-99.00,British Columbia
59,5901,5901,1987,Barley,-99,-99,-99,-99,-99,-99,-99,-99,-99,-99,-99,-99.0,-99,-99,-99.00,"Non Peace, 1 - British Columbia"
59,5901,5901,1987,Canola,-99,-99,-99,-99,-99,-99,-99,-99,-99,-99,-99,-99.0,-99,-99,-99.00,"Non Peace, 1 - British Columbia"
59,5901,5901,1987,Oats,-99,-99,-99,-99,-99,-99,-99,-99,-99,-99,-99,-99.0,-99,-99,-99.00,"Non Peace, 1 - British Columbia"
59,5901,5901,1987,"Peas, dry",-99,-99,-99,-99,-99,-99,-99,-99,-99,-99,-99,-99.0,-99,-99,-99.00,"Non Peace, 1 - British Columbia"
59,5901,5901,1987,"Rye, fall remaining",-99,-99,-99,-99,-99,-99,-99,-99,-99,-99,-99,-99.0,-99,-99,-99.00,"Non Peace, 1 - British Columbia"
59,5901,5901,1987,Summerfallow,-99,-99,-99,-99,-99,-99,-99,-99,-99,-99,-99,-99.0,-99,-99,-99.00,"Non Peace, 1 - British Columbia"
59,5901,5901,1987,"Wheat, spring",-99,-99,-99,-99,-99,-99,-99,-99,-99,-99,-99,-99.0,-99,-99,-99.00,"Non Peace, 1 - British Columbia"
59,5908,5908,1987,Barley,-99,-99,-99,-99,-99,-99,-99,-99,-99,-99,-99,-99.0,-99,-99,-99.00,"Peace River, 8 - British Columbia"
59,5908,5908,1987,Canola,-99,-99,-99,-99,-99,-99,-99,-99,-99,-99,-99,-99.0,-99,-99,-99.00,"Peace River, 8 - British Columbia"
59,5908,5908,1987,Oats,-99,-99,-99,-99,-99,-99,-99,-99,-99,-99,-99,-99.0,-99,-99,-99.00,"Peace River, 8 - British Columbia"
59,5908,5908,1987,"Peas, dry",-99,-99,-99,-99,-99,-99,-99,-99,-99,-99,-99,-99.0,-99,-99,-99.00,"Peace River, 8 - British Columbia"
59,5908,5908,1987,"Rye, fall remaining",-99,-99,-99,-99,-99,-99,-99,-99,-99,-99,-99,-99.0,-99,-99,-99.00,"Peace River, 8 - British Columbia"
59,5908,5908,1987,Summerfallow,-99,-99,-99,-99,-99,-99,-99,-99,-99,-99,-99,-99.0,-99,-99,-99.00,"Peace River, 8 - British Columbia"
59,5908,5908,1987,"Wheat, spring",-99,-99,-99,-99,-99,-99,-99,-99,-99,-99,-99,-99.0,-99,-99,-99.00,"Peace River, 8 - British Columbia"
59,all,all,1987,Barley,-99,-99,-99,-99,-99,-99,-99,-99,-99,-99,-99,-99.0,-99,-99,-99.00,British Columbia
59,all,all,1987,Canola,-99,-99,-99,-99,-99,-99,-99,-99,-99,-99,-99,-99.0,-99,-99,-99.00,British Columbia
59,all,all,1987,Oats,-99,-99,-99,-99,-99,-99,-99,-99,-99,-99,-99,-99.0,-99,-99,-99.00,British Columbia
59,all,all,1987,"Peas, dry",-99,-99,-99,-99,-99,-99,-99,-99,-99,-99,-99,-99.0,-99,-99,-99.00,British Columbia
59,all,all,1987,"Rye, fall remaining",-99,-99,-99,-99,-99,-99,-99,-99,-99,-99,-99,-99.0,-99,-99,-99.00,British Columbia
59,all,all,1987,Summerfallow,-99,-99,-99,-99,-99,-99,-99,-99,-99,-99,-99,-99.0,-99,-99,-99.00,British Columbia
59,all,all,1987,"Wheat, spring",-99,-99,-99,-99,-99,-99,-99,-99,-99,-99,-99,-99.0,-99,-99,-99.00,British Columbia
59,5901,5901,1988,Barley,-99,-99,-99,-99,-99,-99,-99,-99,-99,-99,-99,-99.0,-99,-99,-99.00,"Non Peace, 1 - British Columbia"
59,5901,5901,1988,Canola,-99,-99,-99,-99,-99,-99,-99,-99,-99,-99,-99,-99.0,-99,-99,-99.00,"Non Peace, 1 - British Columbia"
59,5901,5901,1988,Oats,-99,-99,-99,-99,-99,-99,-99,-99,-99,-99,-99,-99.0,-99,-99,-99.00,"Non Peace, 1 - British Columbia"
59,5901,5901,1988,"Peas, dry",-99,-99,-99,-99,-99,-99,-99,-99,-99,-99,-99,-99.0,-99,-99,-99.00,"Non Peace, 1 - British Columbia"
59,5901,5901,1988,"Rye, fall remaining",-99,-99,-99,-99,-99,-99,-99,-99,-99,-99,-99,-99.0,-99,-99,-99.00,"Non Peace, 1 - British Columbia"
59,5901,5901,1988,Summerfallow,-99,-99,-99,-99,-99,-99,-99,-99,-99,-99,-99,-99.0,-99,-99,-99.00,"Non Peace, 1 - British Columbia"
59,5901,5901,1988,"Wheat, spring",-99,-99,-99,-99,-99,-99,-99,-99,-99,-99,-99,-99.0,-99,-99,-99.00,"Non Peace, 1 - British Columbia"
59,5908,5908,1988,Barley,-99,-99,-99,-99,-99,-99,-99,-99,-99,-99,-99,-99.0,-99,-99,-99.00,"Peace River, 8 - British Columbia"
59,5908,5908,1988,Canola,-99,-99,-99,-99,-99,-99,-99,-99,-99,-99,-99,-99.0,-99,-99,-99.00,"Peace River, 8 - British Columbia"
59,5908,5908,1988,Oats,-99,-99,-99,-99,-99,-99,-99,-99,-99,-99,-99,-99.0,-99,-99,-99.00,"Peace River, 8 - British Columbia"
59,5908,5908,1988,"Peas, dry",-99,-99,-99,-99,-99,-99,-99,-99,-99,-99,-99,-99.0,-99,-99,-99.00,"Peace River, 8 - British Columbia"
59,5908,5908,1988,"Rye, fall remaining",-99,-99,-99,-99,-99,-99,-99,-99,-99,-99,-99,-99.0,-99,-99,-99.00,"Peace River, 8 - British Columbia"
59,5908,5908,1988,Summerfallow,-99,-99,-99,-99,-99,-99,-99,-99,-99,-99,-99,-99.0,-99,-99,-99.00,"Peace River, 8 - British Columbia"
59,5908,5908,1988,"Wheat, spring",-99,-99,-99,-99,-99,-99,-99,-99,-99,-99,-99,-99.0,-99,-99,-99.00,"Peace River, 8 - British Columbia"
59,all,all,1988,Barley,-99,-99,-99,-99,-99,-99,-99,-99,-99,-99,-99,-99.0,-99,-99,-99.00,British Columbia
59,all,all,1988,Canola,-99,-99,-99,-99,-99,-99,-99,-99,-99,-99,-99,-99.0,-99,-99,-99.00,British Columbia
59,all,all,1988,Oats,-99,-99,-99,-99,-99,-99,-99,-99,-99,-99,-99,-99.0,-99,-99,-99.00,British Columbia
59,all,all,1988,"Peas, dry",-99,-99,-99,-99,-99,-99,-99,-99,-99,-99,-99,-99.0,-99,-99,-99.00,British Columbia
59,all,all,1988,"Rye, fall remaining",-99,-99,-99,-99,-99,-99,-99,-99,-99,-99,-99,-99.0,-99,-99,-99.00,British Columbia
59,all,all,1988,Summerfallow,-99,-99,-99,-99,-99,-99,-99,-99,-99,-99,-99,-99.0,-99,-99,-99.00,British Columbia
59,all,all,1988,"Wheat, spring",-99,-99,-99,-99,-99,-99,-99,-99,-99,-99,-99,-99.0,-99,-99,-99.00,British Columbia
59,5901,5901,1989,Barley,-99,-99,-99,-99,-99,-99,-99,-99,-99,-99,-99,-99.0,-99,-99,-99.00,"Non Peace, 1 - British Columbia"
59,5901,5901,1989,Canola,-99,-99,-99,-99,-99,-99,-99,-99,-99,-99,-99,-99.0,-99,-99,-99.00,"Non Peace, 1 - British Columbia"
59,5901,5901,1989,Oats,-99,-99,-99,-99,-99,-99,-99,-99,-99,-99,-99,-99.0,-99,-99,-99.00,"Non Peace, 1 - British Columbia"
59,5901,5901,1989,"Peas, dry",-99,-99,-99,-99,-99,-99,-99,-99,-99,-99,-99,-99.0,-99,-99,-99.00,"Non Peace, 1 - British Columbia"
59,5901,5901,1989,"Rye, fall remaining",-99,-99,-99,-99,-99,-99,-99,-99,-99,-99,-99,-99.0,-99,-99,-99.00,"Non Peace, 1 - British Columbia"
59,5901,5901,1989,Summerfallow,-99,-99,-99,-99,-99,-99,-99,-99,-99,-99,-99,-99.0,-99,-99,-99.00,"Non Peace, 1 - British Columbia"
59,5901,5901,1989,"Wheat, spring",-99,-99,-99,-99,-99,-99,-99,-99,-99,-99,-99,-99.0,-99,-99,-99.00,"Non Peace, 1 - British Columbia"
59,5908,5908,1989,Barley,-99,-99,-99,-99,-99,-99,-99,-99,-99,-99,-99,-99.0,-99,-99,-99.00,"Peace River, 8 - British Columbia"
59,5908,5908,1989,Canola,-99,-99,-99,-99,-99,-99,-99,-99,-99,-99,-99,-99.0,-99,-99,-99.00,"Peace River, 8 - British Columbia"
59,5908,5908,1989,Oats,-99,-99,-99,-99,-99,-99,-99,-99,-99,-99,-99,-99.0,-99,-99,-99.00,"Peace River, 8 - British Columbia"
59,5908,5908,1989,"Peas, dry",-99,-99,-99,-99,-99,-99,-99,-99,-99,-99,-99,-99.0,-99,-99,-99.00,"Peace River, 8 - British Columbia"
59,5908,5908,1989,"Rye, fall remaining",-99,-99,-99,-99,-99,-99,-99,-99,-99,-99,-99,-99.0,-99,-99,-99.00,"Peace River, 8 - British Columbia"
59,5908,5908,1989,Summerfallow,-99,-99,-99,-99,-99,-99,-99,-99,-99,-99,-99,-99.0,-99,-99,-99.00,"Peace River, 8 - British Columbia"
59,5908,5908,1989,"Wheat, spring",-99,-99,-99,-99,-99,-99,-99,-99,-99,-99,-99,-99.0,-99,-99,-99.00,"Peace River, 8 - British Columbia"
59,all,all,1989,Barley,-99,-99,-99,-99,-99,-99,-99,-99,-99,-99,-99,-99.0,-99,-99,-99.00,British Columbia
59,all,all,1989,Canola,-99,-99,-99,-99,-99,-99,-99,-99,-99,-99,-99,-99.0,-99,-99,-99.00,British Columbia
59,all,all,1989,Oats,-99,-99,-99,-99,-99,-99,-99,-99,-99,-99,-99,-99.0,-99,-99,-99.00,British Columbia
59,all,all,1989,"Peas, dry",-99,-99,-99,-99,-99,-99,-99,-99,-99,-99,-99,-99.0,-99,-99,-99.00,British Columbia
59,all,all,1989,"Rye, fall remaining",-99,-99,-99,-99,-99,-99,-99,-99,-99,-99,-99,-99.0,-99,-99,-99.00,British Columbia
59,all,all,1989,Summerfallow,-99,-99,-99,-99,-99,-99,-99,-99,-99,-99,-99,-99.0,-99,-99,-99.00,British Columbia
59,all,all,1989,"Wheat, spring",-99,-99,-99,-99,-99,-99,-99,-99,-99,-99,-99,-99.0,-99,-99,-99.00,British Columbia
59,5901,5901,1990,Barley,-99,-99,-99,-99,-99,-99,-99,-99,-99,-99,-99,-99.0,-99,-99,-99.00,"Non Peace, 1 - British Columbia"
59,5901,5901,1990,Canola,-99,-99,-99,-99,-99,-99,-99,-99,-99,-99,-99,-99.0,-99,-99,-99.00,"Non Peace, 1 - British Columbia"
59,5901,5901,1990,Oats,-99,-99,-99,-99,-99,-99,-99,-99,-99,-99,-99,-99.0,-99,-99,-99.00,"Non Peace, 1 - British Columbia"
59,5901,5901,1990,"Peas, dry",-99,-99,-99,-99,-99,-99,-99,-99,-99,-99,-99,-99.0,-99,-99,-99.00,"Non Peace, 1 - British Columbia"
59,5901,5901,1990,"Rye, fall remaining",-99,-99,-99,-99,-99,-99,-99,-99,-99,-99,-99,-99.0,-99,-99,-99.00,"Non Peace, 1 - British Columbia"
59,5901,5901,1990,Summerfallow,-99,-99,-99,-99,-99,-99,-99,-99,-99,-99,-99,-99.0,-99,-99,-99.00,"Non Peace, 1 - British Columbia"
59,5901,5901,1990,"Wheat, spring",-99,-99,-99,-99,-99,-99,-99,-99,-99,-99,-99,-99.0,-99,-99,-99.00,"Non Peace, 1 - British Columbia"
59,5908,5908,1990,Barley,-99,-99,-99,-99,-99,-99,-99,-99,-99,-99,-99,-99.0,-99,-99,-99.00,"Peace River, 8 - British Columbia"
59,5908,5908,1990,Canola,-99,-99,-99,-99,-99,-99,-99,-99,-99,-99,-99,-99.0,-99,-99,-99.00,"Peace River, 8 - British Columbia"
59,5908,5908,1990,Oats,-99,-99,-99,-99,-99,-99,-99,-99,-99,-99,-99,-99.0,-99,-99,-99.00,"Peace River, 8 - British Columbia"
59,5908,5908,1990,"Peas, dry",-99,-99,-99,-99,-99,-99,-99,-99,-99,-99,-99,-99.0,-99,-99,-99.00,"Peace River, 8 - British Columbia"
59,5908,5908,1990,"Rye, fall remaining",-99,-99,-99,-99,-99,-99,-99,-99,-99,-99,-99,-99.0,-99,-99,-99.00,"Peace River, 8 - British Columbia"
59,5908,5908,1990,Summerfallow,-99,-99,-99,-99,-99,-99,-99,-99,-99,-99,-99,-99.0,-99,-99,-99.00,"Peace River, 8 - British Columbia"
59,5908,5908,1990,"Wheat, spring",-99,-99,-99,-99,-99,-99,-99,-99,-99,-99,-99,-99.0,-99,-99,-99.00,"Peace River, 8 - British Columbia"
59,all,all,1990,Barley,-99,-99,-99,-99,-99,-99,-99,-99,-99,-99,-99,-99.0,-99,-99,-99.00,British Columbia
59,all,all,1990,Canola,-99,-99,-99,-99,-99,-99,-99,-99,-99,-99,-99,-99.0,-99,-99,-99.00,British Columbia
59,all,all,1990,Oats,-99,-99,-99,-99,-99,-99,-99,-99,-99,-99,-99,-99.0,-99,-99,-99.00,British Columbia
59,all,all,1990,"Peas, dry",-99,-99,-99,-99,-99,-99,-99,-99,-99,-99,-99,-99.0,-99,-99,-99.00,British Columbia
59,all,all,1990,"Rye, fall remaining",-99,-99,-99,-99,-99,-99,-99,-99,-99,-99,-99,-99.0,-99,-99,-99.00,British Columbia
59,all,all,1990,Summerfallow,-99,-99,-99,-99,-99,-99,-99,-99,-99,-99,-99,-99.0,-99,-99,-99.00,British Columbia
59,all,all,1990,"Wheat, spring",-99,-99,-99,-99,-99,-99,-99,-99,-99,-99,-99,-99.0,-99,-99,-99.00,British Columbia
59,5901,5901,1991,Barley,30900,12500,25600,10400,0.828478964,48.6,-99,2600,1243,-99,27100,48.6,-99,2606,0.00,"Non Peace, 1 - British Columbia"
59,5901,5901,1991,Canola,2100,800,2100,800,1,16.1,-99,1000,34,-99,800,16.2,-99,1000,0.00,"Non Peace, 1 - British Columbia"
59,5901,5901,1991,Oats,22000,8900,21900,8900,0.995454545,61.4,-99,2300,1346,-99,20800,61.5,-99,2337,0.02,"Non Peace, 1 - British Columbia"
59,5901,5901,1991,"Peas, dry",-99,-99,-99,-99,-99,-99,-99,-99,-99,-99,-99,-99.0,-99,-99,-99.00,"Non Peace, 1 - British Columbia"
59,5901,5901,1991,"Rye, fall remaining",1900,800,1600,600,0.842105263,33.3,-99,2300,53,-99,1400,33.1,-99,2333,0.01,"Non Peace, 1 - British Columbia"
59,5901,5901,1991,Summerfallow,-99,-99,-99,-99,-99,-99,-99,-99,-99,-99,-99,-99.0,-99,-99,-99.00,"Non Peace, 1 - British Columbia"
59,5901,5901,1991,"Wheat, spring",7000,2800,7000,2800,1,27.1,-99,1800,189,-99,5200,27.0,-99,1857,0.03,"Non Peace, 1 - British Columbia"
59,5908,5908,1991,Barley,75900,30600,74400,30100,0.980237154,45.1,-99,2400,3357,-99,73100,45.1,-99,2429,0.01,"Peace River, 8 - British Columbia"
59,5908,5908,1991,Canola,98100,39700,98100,39700,1,16.5,-99,900,1616,-99,36700,16.5,-99,924,0.03,"Peace River, 8 - British Columbia"
59,5908,5908,1991,Oats,51200,20700,33100,13400,0.646484375,62.8,-99,2400,2080,-99,32100,62.8,-99,2396,0.00,"Peace River, 8 - British Columbia"
59,5908,5908,1991,"Peas, dry",-99,-99,-99,-99,-99,-99,-99,-99,-99,-99,-99,-99.0,-99,-99,-99.00,"Peace River, 8 - British Columbia"
59,5908,5908,1991,"Rye, fall remaining",4000,1600,3400,1400,0.85,35.8,-99,2200,122,-99,3100,35.9,-99,2214,0.01,"Peace River, 8 - British Columbia"
59,5908,5908,1991,Summerfallow,142000,57500,-99,-99,0,-99,-99,-99,-99,-99,-99,-99.0,-99,-99,-99.00,"Peace River, 8 - British Columbia"
59,5908,5908,1991,"Wheat, spring",99600,40300,99600,40300,1,37.3,-99,2500,3711,-99,101100,37.3,-99,2509,0.00,"Peace River, 8 - British Columbia"
59,all,all,1991,Barley,106800,43200,100000,40500,0.936329588,46,-99,2500,4600,-99,100200,46.0,-99,2474,-0.01,British Columbia
59,all,all,1991,Canola,100200,40500,100200,40500,1,16.5,-99,900,1650,-99,37400,16.5,-99,923,0.03,British Columbia
59,all,all,1991,Oats,73200,29600,55000,22300,0.75136612,62.3,-99,2400,3425,-99,52800,62.3,-99,2368,-0.01,British Columbia
59,all,all,1991,"Peas, dry",-99,-99,-99,-99,-99,-99,-99,-99,-99,-99,-99,-99.0,-99,-99,-99.00,British Columbia
59,all,all,1991,"Rye, fall remaining",5900,2400,5000,2000,0.847457627,35,-99,2200,175,-99,4400,35.0,-99,2200,0.00,British Columbia
59,all,all,1991,Summerfallow,142000,57500,-99,-99,0,-99,-99,-99,-99,-99,-99,-99.0,-99,-99,-99.00,British Columbia
59,all,all,1991,"Wheat, spring",106600,43100,106600,43100,1,36.6,-99,2500,3900,-99,106200,36.6,-99,2464,-0.01,British Columbia
59,5901,5901,1992,Barley,25000,10100,21300,8600,0.852,57.5,-99,3100,1225,-99,26700,57.5,-99,3105,0.00,"Non Peace, 1 - British Columbia"
59,5901,5901,1992,Canola,-99,-99,-99,-99,-99,-99,-99,-99,-99,-99,-99,-99.0,-99,-99,-99.00,"Non Peace, 1 - British Columbia"
59,5901,5901,1992,Oats,20000,8100,19300,7800,0.965,55.6,-99,2100,1073,-99,16500,55.6,-99,2115,0.01,"Non Peace, 1 - British Columbia"
59,5901,5901,1992,"Peas, dry",-99,-99,-99,-99,-99,-99,-99,-99,-99,-99,-99,-99.0,-99,-99,-99.00,"Non Peace, 1 - British Columbia"
59,5901,5901,1992,"Rye, fall remaining",900,400,-99,-99,0,-99,-99,-99,-99,-99,-99,-99.0,-99,-99,-99.00,"Non Peace, 1 - British Columbia"
59,5901,5901,1992,Summerfallow,-99,-99,-99,-99,-99,-99,-99,-99,-99,-99,-99,-99.0,-99,-99,-99.00,"Non Peace, 1 - British Columbia"
59,5901,5901,1992,"Wheat, spring",10000,4100,9200,3700,0.92,26.8,-99,1800,246,-99,6700,26.7,-99,1811,0.01,"Non Peace, 1 - British Columbia"
59,5908,5908,1992,Barley,70000,28300,63700,25800,0.91,19.2,-99,1000,1225,-99,26700,19.2,-99,1035,0.03,"Peace River, 8 - British Columbia"
59,5908,5908,1992,Canola,110000,44500,90000,36400,0.818181818,16,-99,900,1440,-99,32700,16.0,-99,898,0.00,"Peace River, 8 - British Columbia"
59,5908,5908,1992,Oats,90000,36400,70700,28600,0.785555556,30.1,-99,1100,2127,-99,32800,30.1,-99,1147,0.04,"Peace River, 8 - British Columbia"
59,5908,5908,1992,"Peas, dry",-99,-99,-99,-99,-99,-99,-99,-99,-99,-99,-99,-99.0,-99,-99,-99.00,"Peace River, 8 - British Columbia"
59,5908,5908,1992,"Rye, fall remaining",5600,2300,3000,1200,0.535714286,20,-99,1300,60,-99,1500,20.0,-99,1250,-0.04,"Peace River, 8 - British Columbia"
59,5908,5908,1992,Summerfallow,145000,58700,-99,-99,0,-99,-99,-99,-99,-99,-99,-99.0,-99,-99,-99.00,"Peace River, 8 - British Columbia"
59,5908,5908,1992,"Wheat, spring",110000,44400,100800,40800,0.916363636,21.6,-99,1500,2174,-99,59200,21.6,-99,1451,-0.03,"Peace River, 8 - British Columbia"
59,all,all,1992,Barley,95000,38400,85000,34400,0.894736842,28.8,-99,1500,2450,-99,53300,28.8,-99,1549,0.03,British Columbia
59,all,all,1992,Canola,110000,44500,90000,36400,0.818181818,16,-99,900,1440,-99,32700,16.0,-99,898,0.00,British Columbia
59,all,all,1992,Oats,110000,44500,90000,36400,0.818181818,35.6,-99,1400,3200,-99,49400,35.6,-99,1357,-0.03,British Columbia
59,all,all,1992,"Peas, dry",-99,-99,-99,-99,-99,-99,-99,-99,-99,-99,-99,-99.0,-99,-99,-99.00,British Columbia
59,all,all,1992,"Rye, fall remaining",6500,2600,3000,1200,0.461538462,20,-99,1300,60,-99,1500,20.0,-99,1250,-0.04,British Columbia
59,all,all,1992,Summerfallow,145000,58700,-99,-99,0,-99,-99,-99,-99,-99,-99,-99.0,-99,-99,-99.00,British Columbia
59,all,all,1992,"Wheat, spring",120000,48500,110000,44500,0.916666667,22,-99,1500,2420,-99,65900,22.0,-99,1481,-0.01,British Columbia
59,5901,5901,1993,Barley,20000,8100,16200,6600,0.81,53.5,-99,2900,867,-99,18900,53.5,-99,2864,-0.01,"Non Peace, 1 - British Columbia"
59,5901,5901,1993,Canola,-99,-99,-99,-99,-99,-99,-99,-99,-99,-99,-99,-99.0,-99,-99,-99.00,"Non Peace, 1 - British Columbia"
59,5901,5901,1993,Oats,20400,8300,20400,8300,1,49.1,-99,1900,1001,-99,15400,49.1,-99,1855,-0.02,"Non Peace, 1 - British Columbia"
59,5901,5901,1993,"Peas, dry",-99,-99,-99,-99,-99,-99,-99,-99,-99,-99,-99,-99.0,-99,-99,-99.00,"Non Peace, 1 - British Columbia"
59,5901,5901,1993,"Rye, fall remaining",-99,-99,-99,-99,-99,-99,-99,-99,-99,-99,-99,-99.0,-99,-99,-99.00,"Non Peace, 1 - British Columbia"
59,5901,5901,1993,Summerfallow,-99,-99,-99,-99,-99,-99,-99,-99,-99,-99,-99,-99.0,-99,-99,-99.00,"Non Peace, 1 - British Columbia"
59,5901,5901,1993,"Wheat, spring",6400,2600,6200,2500,0.96875,36.6,-99,2500,227,-99,6200,36.6,-99,2480,-0.01,"Non Peace, 1 - British Columbia"
59,5908,5908,1993,Barley,60000,24300,53800,21800,0.896666667,56.4,-99,3000,3033,-99,66000,56.4,-99,3028,0.01,"Peace River, 8 - British Columbia"
59,5908,5908,1993,Canola,100000,40500,100000,40500,1,19,-99,1100,1900,-99,43100,19.0,-99,1064,-0.03,"Peace River, 8 - British Columbia"
59,5908,5908,1993,Oats,79600,32200,79600,32200,1,77.2,-99,2900,6149,-99,94800,77.2,-99,2944,0.02,"Peace River, 8 - British Columbia"
59,5908,5908,1993,"Peas, dry",-99,-99,-99,-99,-99,-99,-99,-99,-99,-99,-99,-99.0,-99,-99,-99.00,"Peace River, 8 - British Columbia"
59,5908,5908,1993,"Rye, fall remaining",5000,2000,2000,800,0.4,30,-99,1900,60,-99,1500,30.0,-99,1875,-0.01,"Peace River, 8 - British Columbia"
59,5908,5908,1993,Summerfallow,115000,46500,-99,-99,0,-99,-99,-99,-99,-99,-99,-99.0,-99,-99,-99.00,"Peace River, 8 - British Columbia"
59,5908,5908,1993,"Wheat, spring",111600,45200,107800,43700,0.965949821,35.8,-99,2400,3863,-99,105100,35.8,-99,2405,0.00,"Peace River, 8 - British Columbia"
59,all,all,1993,Barley,80000,32400,70000,28300,0.875,55.7,-99,3000,3900,-99,84900,55.7,-99,3000,0.00,British Columbia
59,all,all,1993,Canola,100000,40500,100000,40500,1,19,-99,1100,1900,-99,43100,19.0,-99,1064,-0.03,British Columbia
59,all,all,1993,Oats,100000,40500,100000,40500,1,71.5,-99,2700,7150,-99,110300,71.5,-99,2723,0.01,British Columbia
59,all,all,1993,"Peas, dry",-99,-99,-99,-99,-99,-99,-99,-99,-99,-99,-99,-99.0,-99,-99,-99.00,British Columbia
59,all,all,1993,"Rye, fall remaining",5000,2000,2000,800,0.4,30,-99,1900,60,-99,1500,30.0,-99,1875,-0.01,British Columbia
59,all,all,1993,Summerfallow,115000,46500,-99,-99,0,-99,-99,-99,-99,-99,-99,-99.0,-99,-99,-99.00,British Columbia
59,all,all,1993,"Wheat, spring",118000,47800,114000,46200,0.966101695,35.9,-99,2400,4090,-99,111300,35.9,-99,2409,0.00,British Columbia
59,5901,5901,1994,Barley,21700,8800,16100,6500,0.741935484,53.8,-99,2900,869,-99,18900,54.0,-99,2908,0.00,"Non Peace, 1 - British Columbia"
59,5901,5901,1994,Canola,6700,2700,6700,2700,1,19.8,-99,1100,133,-99,3000,19.9,-99,1111,0.01,"Non Peace, 1 - British Columbia"
59,5901,5901,1994,Oats,37700,15200,32400,13100,0.859416446,49.4,-99,1900,1602,-99,24700,49.4,-99,1885,-0.01,"Non Peace, 1 - British Columbia"
59,5901,5901,1994,"Peas, dry",-99,-99,-99,-99,-99,-99,-99,-99,-99,-99,-99,-99.0,-99,-99,-99.00,"Non Peace, 1 - British Columbia"
59,5901,5901,1994,"Rye, fall remaining",2100,800,600,300,0.285714286,44.8,-99,2300,29,-99,700,48.3,-99,2333,0.01,"Non Peace, 1 - British Columbia"
59,5901,5901,1994,Summerfallow,8400,3400,-99,-99,0,-99,-99,-99,-99,-99,-99,-99.0,-99,-99,-99.00,"Non Peace, 1 - British Columbia"
59,5901,5901,1994,"Wheat, spring",18600,7500,18600,7500,1,32.9,-99,2200,612,-99,16600,32.9,-99,2213,0.01,"Non Peace, 1 - British Columbia"
59,5908,5908,1994,Barley,43300,17500,38900,15800,0.898383372,43.3,-99,2300,1681,-99,36600,43.2,-99,2316,0.01,"Peace River, 8 - British Columbia"
59,5908,5908,1994,Canola,113300,45900,108300,43800,0.955869373,20.9,-99,1200,2267,-99,51400,20.9,-99,1174,-0.02,"Peace River, 8 - British Columbia"
59,5908,5908,1994,Oats,52300,21200,47600,19300,0.910133843,71.4,-99,2700,3398,-99,52400,71.4,-99,2715,0.01,"Peace River, 8 - British Columbia"
59,5908,5908,1994,"Peas, dry",-99,-99,-99,-99,-99,-99,-99,-99,-99,-99,-99,-99.0,-99,-99,-99.00,"Peace River, 8 - British Columbia"
59,5908,5908,1994,"Rye, fall remaining",2900,1200,2400,900,0.827586207,51.4,-99,3400,121,-99,3100,50.4,-99,3444,0.01,"Peace River, 8 - British Columbia"
59,5908,5908,1994,Summerfallow,36600,14800,-99,-99,0,-99,-99,-99,-99,-99,-99,-99.0,-99,-99,-99.00,"Peace River, 8 - British Columbia"
59,5908,5908,1994,"Wheat, spring",81400,33000,81400,33000,1,45.3,-99,3000,3688,-99,100500,45.3,-99,3045,0.02,"Peace River, 8 - British Columbia"
59,all,all,1994,Barley,65000,26300,55000,22300,0.846153846,46.4,-99,2500,2550,-99,55500,46.4,-99,2489,0.00,British Columbia
59,all,all,1994,Canola,120000,48600,115000,46500,0.958333333,20.9,-99,1200,2400,-99,54400,20.9,-99,1170,-0.03,British Columbia
59,all,all,1994,Oats,90000,36400,80000,32400,0.888888889,62.5,-99,2400,5000,-99,77100,62.5,-99,2380,-0.01,British Columbia
59,all,all,1994,"Peas, dry",-99,-99,-99,-99,-99,-99,-99,-99,-99,-99,-99,-99.0,-99,-99,-99.00,British Columbia
59,all,all,1994,"Rye, fall remaining",5000,2000,3000,1200,0.6,50,-99,3200,150,-99,3800,50.0,-99,3167,-0.01,British Columbia
59,all,all,1994,Summerfallow,45000,18200,-99,-99,0,-99,-99,-99,-99,-99,-99,-99.0,-99,-99,-99.00,British Columbia
59,all,all,1994,"Wheat, spring",100000,40500,100000,40500,1,43,-99,2900,4300,-99,117100,43.0,-99,2891,0.00,British Columbia
59,5901,5901,1995,Barley,20500,8300,17500,7100,0.853658537,59.8,-99,3200,1049,-99,22800,59.9,-99,3211,0.00,"Non Peace, 1 - British Columbia"
59,5901,5901,1995,Canola,5900,2400,4800,2000,0.813559322,38.4,-99,2200,186,-99,4200,38.8,-99,2100,-0.05,"Non Peace, 1 - British Columbia"
59,5901,5901,1995,Oats,30200,12200,19900,8100,0.658940397,65.1,-99,2500,1297,-99,20000,65.2,-99,2469,-0.01,"Non Peace, 1 - British Columbia"
59,5901,5901,1995,"Peas, dry",-99,-99,-99,-99,-99,-99,-99,-99,-99,-99,-99,-99.0,-99,-99,-99.00,"Non Peace, 1 - British Columbia"
59,5901,5901,1995,"Rye, fall remaining",-99,-99,-99,-99,-99,-99,-99,-99,-99,-99,-99,-99.0,-99,-99,-99.00,"Non Peace, 1 - British Columbia"
59,5901,5901,1995,Summerfallow,-99,-99,-99,-99,-99,-99,-99,-99,-99,-99,-99,-99.0,-99,-99,-99.00,"Non Peace, 1 - British Columbia"
59,5901,5901,1995,"Wheat, spring",12100,4900,12100,4900,1,33.5,-99,2300,406,-99,11000,33.6,-99,2245,-0.02,"Non Peace, 1 - British Columbia"
59,5908,5908,1995,Barley,49500,20000,47500,19200,0.95959596,68.5,-99,3700,3251,-99,70800,68.4,-99,3688,0.00,"Peace River, 8 - British Columbia"
59,5908,5908,1995,Canola,114100,46200,110200,44600,0.965819457,22.8,-99,1300,2515,-99,57000,22.8,-99,1278,-0.02,"Peace River, 8 - British Columbia"
59,5908,5908,1995,Oats,44800,18100,30100,12200,0.671875,78.2,-99,3000,2353,-99,36300,78.2,-99,2975,-0.01,"Peace River, 8 - British Columbia"
59,5908,5908,1995,"Peas, dry",30000,12100,30000,12100,1,33.3,-99,2200,1000,-99,27000,33.3,-99,2231,0.01,"Peace River, 8 - British Columbia"
59,5908,5908,1995,"Rye, fall remaining",-99,-99,-99,-99,-99,-99,-99,-99,-99,-99,-99,-99.0,-99,-99,-99.00,"Peace River, 8 - British Columbia"
59,5908,5908,1995,Summerfallow,-99,-99,-99,-99,-99,-99,-99,-99,-99,-99,-99,-99.0,-99,-99,-99.00,"Peace River, 8 - British Columbia"
59,5908,5908,1995,"Wheat, spring",97900,39600,97900,39600,1,48.7,-99,3300,4765,-99,129700,48.7,-99,3275,-0.01,"Peace River, 8 - British Columbia"
59,all,all,1995,Barley,70000,28300,65000,26300,0.928571429,66.2,-99,3600,4300,-99,93600,66.2,-99,3559,-0.01,British Columbia
59,all,all,1995,Canola,120000,48600,115000,46500,0.958333333,23.5,-99,1300,2700,-99,61200,23.5,-99,1316,0.01,British Columbia
59,all,all,1995,Oats,75000,30400,50000,20200,0.666666667,73,-99,2800,3650,-99,56300,73.0,-99,2787,0.00,British Columbia
59,all,all,1995,"Peas, dry",30000,12100,30000,12100,1,33.3,-99,2200,1000,-99,27200,33.3,-99,2248,0.02,British Columbia
59,all,all,1995,"Rye, fall remaining",5000,2000,3000,1200,0.6,36.7,-99,2300,110,-99,2800,36.7,-99,2333,0.01,British Columbia
59,all,all,1995,Summerfallow,70000,28300,-99,-99,0,-99,-99,-99,-99,-99,-99,-99.0,-99,-99,-99.00,British Columbia
59,all,all,1995,"Wheat, spring",110000,44400,110000,44400,1,47,-99,3200,5170,-99,140700,47.0,-99,3169,-0.01,British Columbia
59,5901,5901,1996,Barley,31400,12700,23300,9400,0.742038217,60.8,-99,3300,1417,-99,30900,60.8,-99,3287,0.00,"Non Peace, 1 - British Columbia"
59,5901,5901,1996,Canola,2800,1100,2800,1100,1,41.6,-99,2300,118,-99,2700,42.1,-99,2455,0.07,"Non Peace, 1 - British Columbia"
59,5901,5901,1996,Oats,39400,15900,19900,8000,0.505076142,63.7,-99,2400,1265,-99,19500,63.6,-99,2438,0.02,"Non Peace, 1 - British Columbia"
59,5901,5901,1996,"Peas, dry",-99,-99,-99,-99,-99,-99,-99,-99,-99,-99,-99,-99.0,-99,-99,-99.00,"Non Peace, 1 - British Columbia"
59,5901,5901,1996,"Rye, fall remaining",-99,-99,-99,-99,-99,-99,-99,-99,-99,-99,-99,-99.0,-99,-99,-99.00,"Non Peace, 1 - British Columbia"
59,5901,5901,1996,Summerfallow,-99,-99,-99,-99,-99,-99,-99,-99,-99,-99,-99,-99.0,-99,-99,-99.00,"Non Peace, 1 - British Columbia"
59,5901,5901,1996,"Wheat, spring",7600,3100,7000,2800,0.921052632,49,-99,3300,345,-99,9400,49.3,-99,3357,0.02,"Non Peace, 1 - British Columbia"
59,5908,5908,1996,Barley,78600,31800,36700,14800,0.46692112,60.9,-99,3300,2233,-99,48600,60.8,-99,3284,0.00,"Peace River, 8 - British Columbia"
59,5908,5908,1996,Canola,62200,25200,37200,15000,0.59807074,19.4,-99,1100,723,-99,16400,19.4,-99,1093,-0.01,"Peace River, 8 - British Columbia"
59,5908,5908,1996,Oats,45600,18500,15100,6100,0.331140351,51.9,-99,2000,785,-99,12100,52.0,-99,1984,-0.01,"Peace River, 8 - British Columbia"
59,5908,5908,1996,"Peas, dry",10000,4000,5000,2000,0.5,30,-99,2000,150,-99,4100,30.0,-99,2050,0.03,"Peace River, 8 - British Columbia"
59,5908,5908,1996,"Rye, fall remaining",-99,-99,-99,-99,-99,-99,-99,-99,-99,-99,-99,-99.0,-99,-99,-99.00,"Peace River, 8 - British Columbia"
59,5908,5908,1996,Summerfallow,95000,38400,-99,-99,0,-99,-99,-99,-99,-99,-99,-99.0,-99,-99,-99.00,"Peace River, 8 - British Columbia"
59,5908,5908,1996,"Wheat, spring",92400,37400,53000,21400,0.573593074,48.3,-99,3200,2555,-99,69500,48.2,-99,3248,0.01,"Peace River, 8 - British Columbia"
59,all,all,1996,Barley,110000,44500,60000,24300,0.545454545,60.8,-99,3300,3650,-99,79500,60.8,-99,3272,-0.01,British Columbia
59,all,all,1996,Canola,65000,26300,40000,16200,0.615384615,21,-99,1200,840,-99,19100,21.0,-99,1179,-0.02,British Columbia
59,all,all,1996,Oats,85000,34400,35000,14200,0.411764706,58.6,-99,2200,2050,-99,31600,58.6,-99,2225,0.01,British Columbia
59,all,all,1996,"Peas, dry",10000,4000,5000,2000,0.5,30,-99,2100,150,-99,4100,30.0,-99,2050,-0.02,British Columbia
59,all,all,1996,"Rye, fall remaining",7000,2800,2000,800,0.285714286,32.5,-99,2100,65,-99,1700,32.5,-99,2125,0.01,British Columbia
59,all,all,1996,Summerfallow,95000,38400,-99,-99,0,-99,-99,-99,-99,-99,-99,-99.0,-99,-99,-99.00,British Columbia
59,all,all,1996,"Wheat, spring",100000,40400,60000,24200,0.6,48.3,-99,3300,2900,-99,78900,48.3,-99,3260,-0.01,British Columbia
59,5901,5901,1997,Barley,34400,13900,24200,9800,0.703488372,59.7,-99,3200,1447,-99,31500,59.8,-99,3214,0.00,"Non Peace, 1 - British Columbia"
59,5901,5901,1997,Canola,2400,1000,2200,900,0.916666667,47,-99,2600,103,-99,2300,46.8,-99,2556,-0.02,"Non Peace, 1 - British Columbia"
59,5901,5901,1997,Oats,28700,11600,19800,8000,0.68989547,68.5,-99,2600,1358,-99,20900,68.6,-99,2613,0.00,"Non Peace, 1 - British Columbia"
59,5901,5901,1997,"Peas, dry",-99,-99,-99,-99,-99,-99,-99,-99,-99,-99,-99,-99.0,-99,-99,-99.00,"Non Peace, 1 - British Columbia"
59,5901,5901,1997,"Rye, fall remaining",-99,-99,-99,-99,-99,-99,-99,-99,-99,-99,-99,-99.0,-99,-99,-99.00,"Non Peace, 1 - British Columbia"
59,5901,5901,1997,Summerfallow,-99,-99,-99,-99,-99,-99,-99,-99,-99,-99,-99,-99.0,-99,-99,-99.00,"Non Peace, 1 - British Columbia"
59,5901,5901,1997,"Wheat, spring",13400,5400,12200,5000,0.910447761,47.4,-99,3200,580,-99,15800,47.5,-99,3160,-0.01,"Non Peace, 1 - British Columbia"
59,5908,5908,1997,Barley,60600,24500,45800,18500,0.755775578,53.6,-99,2900,2453,-99,53400,53.6,-99,2886,0.00,"Peace River, 8 - British Columbia"
59,5908,5908,1997,Canola,72600,29400,52800,21400,0.727272727,17,-99,1000,897,-99,20300,17.0,-99,949,-0.05,"Peace River, 8 - British Columbia"
59,5908,5908,1997,Oats,31300,12700,10200,4100,0.325878594,79.8,-99,3000,812,-99,12500,79.6,-99,3049,0.02,"Peace River, 8 - British Columbia"
59,5908,5908,1997,"Peas, dry",-99,-99,-99,-99,-99,-99,-99,-99,-99,-99,-99,-99.0,-99,-99,-99.00,"Peace River, 8 - British Columbia"
59,5908,5908,1997,"Rye, fall remaining",-99,-99,-99,-99,-99,-99,-99,-99,-99,-99,-99,-99.0,-99,-99,-99.00,"Peace River, 8 - British Columbia"
59,5908,5908,1997,Summerfallow,120000,48600,-99,-99,0,-99,-99,-99,-99,-99,-99,-99.0,-99,-99,-99.00,"Peace River, 8 - British Columbia"
59,5908,5908,1997,"Wheat, spring",41600,16800,37800,15300,0.908653846,45,-99,3000,1700,-99,46300,45.0,-99,3026,0.01,"Peace River, 8 - British Columbia"
59,all,all,1997,Barley,95000,38400,70000,28300,0.736842105,55.7,-99,3000,3900,-99,84900,55.7,-99,3000,0.00,British Columbia
59,all,all,1997,Canola,75000,30400,55000,22300,0.733333333,18.2,-99,1000,1000,-99,22700,18.2,-99,1018,0.02,British Columbia
59,all,all,1997,Oats,60000,24300,30000,12100,0.5,72.3,-99,2800,2170,-99,33500,72.3,-99,2769,-0.01,British Columbia
59,all,all,1997,"Peas, dry",7000,2800,5000,2000,0.714285714,30,-99,2100,150,-99,4100,30.0,-99,2050,-0.02,British Columbia
59,all,all,1997,"Rye, fall remaining",3000,1200,3000,1200,1,36.7,-99,2300,110,-99,2800,36.7,-99,2333,0.01,British Columbia
59,all,all,1997,Summerfallow,120000,48600,-99,-99,0,-99,-99,-99,-99,-99,-99,-99.0,-99,-99,-99.00,British Columbia
59,all,all,1997,"Wheat, spring",55000,22200,50000,20200,0.909090909,45.6,-99,3100,2280,-99,62100,45.6,-99,3074,-0.01,British Columbia
59,5901,5901,1998,Barley,35000,14200,30000,12100,0.857142857,56.7,-99,3100,1700,-99,37000,56.7,-99,3058,-0.01,"Non Peace, 1 - British Columbia"
59,5901,5901,1998,Canola,5000,2000,5000,2000,1,40,-99,2200,200,-99,4500,40.0,-99,2250,0.02,"Non Peace, 1 - British Columbia"
59,5901,5901,1998,Oats,23000,9300,20000,8100,0.869565217,75,-99,2800,1500,-99,23000,75.0,-99,2840,0.01,"Non Peace, 1 - British Columbia"
59,5901,5901,1998,"Peas, dry",-99,-99,-99,-99,-99,-99,-99,-99,-99,-99,-99,-99.0,-99,-99,-99.00,"Non Peace, 1 - British Columbia"
59,5901,5901,1998,"Rye, fall remaining",-99,-99,-99,-99,-99,-99,-99,-99,-99,-99,-99,-99.0,-99,-99,-99.00,"Non Peace, 1 - British Columbia"
59,5901,5901,1998,Summerfallow,-99,-99,-99,-99,-99,-99,-99,-99,-99,-99,-99,-99.0,-99,-99,-99.00,"Non Peace, 1 - British Columbia"
59,5901,5901,1998,"Wheat, spring",10000,4000,10000,4000,1,40,-99,2700,400,-99,11100,40.0,-99,2775,0.03,"Non Peace, 1 - British Columbia"
59,5908,5908,1998,Barley,65000,26300,64000,25900,0.984615385,47.7,-99,2600,3050,-99,66400,47.7,-99,2564,-0.01,"Peace River, 8 - British Columbia"
59,5908,5908,1998,Canola,95000,38500,95000,38500,1,26.3,-99,1500,2500,-99,56700,26.3,-99,1473,-0.02,"Peace River, 8 - British Columbia"
59,5908,5908,1998,Oats,60000,24300,45000,18200,0.75,62.2,-99,2400,2800,-99,43300,62.2,-99,2379,-0.01,"Peace River, 8 - British Columbia"
59,5908,5908,1998,"Peas, dry",10000,4000,10000,4000,1,33.5,-99,2300,335,-99,9100,33.5,-99,2275,-0.01,"Peace River, 8 - British Columbia"
59,5908,5908,1998,"Rye, fall remaining",-99,-99,-99,-99,-99,-99,-99,-99,-99,-99,-99,-99.0,-99,-99,-99.00,"Peace River, 8 - British Columbia"
59,5908,5908,1998,Summerfallow,80000,32400,-99,-99,0,-99,-99,-99,-99,-99,-99,-99.0,-99,-99,-99.00,"Peace River, 8 - British Columbia"
59,5908,5908,1998,"Wheat, spring",58000,23500,57000,23100,0.982758621,42.3,-99,2800,2410,-99,65400,42.3,-99,2831,0.01,"Peace River, 8 - British Columbia"
59,all,all,1998,Barley,100000,40500,94000,38000,0.94,50.5,-99,2700,4750,-99,103400,50.5,-99,2721,0.01,British Columbia
59,all,all,1998,Canola,100000,40500,100000,40500,1,27,-99,1500,2700,-99,61200,27.0,-99,1511,0.01,British Columbia
59,all,all,1998,Oats,83000,33600,65000,26300,0.78313253,66.2,-99,2500,4300,-99,66300,66.2,-99,2521,0.01,British Columbia
59,all,all,1998,"Peas, dry",10000,4000,10000,4000,1,33.5,-99,2300,335,-99,9100,33.5,-99,2275,-0.01,British Columbia
59,all,all,1998,"Rye, fall remaining",4000,1600,4000,1600,1,40,-99,2600,160,-99,4100,40.0,-99,2563,-0.01,British Columbia
59,all,all,1998,Summerfallow,80000,32400,-99,-99,0,-99,-99,-99,-99,-99,-99,-99.0,-99,-99,-99.00,British Columbia
59,all,all,1998,"Wheat, spring",68000,27500,67000,27100,0.985294118,41.9,-99,2800,2810,-99,76500,41.9,-99,2823,0.01,British Columbia
59,5901,5901,1999,Barley,34200,13800,28400,11500,0.830409357,61.7,-99,3300,1751,-99,38100,61.7,-99,3313,0.00,"Non Peace, 1 - British Columbia"
59,5901,5901,1999,Canola,7800,3200,7800,3200,1,46.3,-99,2600,360,-99,8200,46.2,-99,2563,-0.01,"Non Peace, 1 - British Columbia"
59,5901,5901,1999,Oats,16300,6600,12500,5000,0.766871166,90.5,-99,3400,1127,-99,17400,90.2,-99,3480,0.02,"Non Peace, 1 - British Columbia"
59,5901,5901,1999,"Peas, dry",-99,-99,-99,-99,-99,-99,-99,-99,-99,-99,-99,-99.0,-99,-99,-99.00,"Non Peace, 1 - British Columbia"
59,5901,5901,1999,"Rye, fall remaining",-99,-99,-99,-99,-99,-99,-99,-99,-99,-99,-99,-99.0,-99,-99,-99.00,"Non Peace, 1 - British Columbia"
59,5901,5901,1999,Summerfallow,-99,-99,-99,-99,-99,-99,-99,-99,-99,-99,-99,-99.0,-99,-99,-99.00,"Non Peace, 1 - British Columbia"
59,5901,5901,1999,"Wheat, spring",10000,4000,10000,4000,1,40,-99,2700,400,-99,10900,40.0,-99,2725,0.01,"Non Peace, 1 - British Columbia"
59,5908,5908,1999,Barley,50800,20600,49600,20100,0.976377953,47.3,-99,2500,2349,-99,51100,47.4,-99,2542,0.02,"Peace River, 8 - British Columbia"
59,5908,5908,1999,Canola,92200,37300,92200,37300,1,25.9,-99,1500,2390,-99,54200,25.9,-99,1453,-0.03,"Peace River, 8 - British Columbia"
59,5908,5908,1999,Oats,83700,33900,52500,21300,0.627240143,58.5,-99,2200,3073,-99,47400,58.5,-99,2225,0.01,"Peace River, 8 - British Columbia"
59,5908,5908,1999,"Peas, dry",9000,3600,9000,3600,1,23.3,-99,1600,210,-99,5700,23.3,-99,1583,-0.01,"Peace River, 8 - British Columbia"
59,5908,5908,1999,"Rye, fall remaining",-99,-99,-99,-99,-99,-99,-99,-99,-99,-99,-99,-99.0,-99,-99,-99.00,"Peace River, 8 - British Columbia"
59,5908,5908,1999,Summerfallow,65000,26300,-99,-99,0,-99,-99,-99,-99,-99,-99,-99.0,-99,-99,-99.00,"Peace River, 8 - British Columbia"
59,5908,5908,1999,"Wheat, spring",90000,36400,87000,35200,0.966666667,36.6,-99,2500,3180,-99,86500,36.6,-99,2457,-0.02,"Peace River, 8 - British Columbia"
59,all,all,1999,Barley,85000,34400,78000,31600,0.917647059,52.6,-99,2800,4100,-99,89300,52.6,-99,2826,0.01,British Columbia
59,all,all,1999,Canola,100000,40500,100000,40500,1,27.5,-99,1500,2750,-99,62400,27.5,-99,1541,0.03,British Columbia
59,all,all,1999,Oats,100000,40500,65000,26300,0.65,64.6,-99,2500,4200,-99,64800,64.6,-99,2464,-0.01,British Columbia
59,all,all,1999,"Peas, dry",9000,3600,9000,3600,1,23.3,-99,1600,210,-99,5700,23.3,-99,1583,-0.01,British Columbia
59,all,all,1999,"Rye, fall remaining",3000,1200,3000,1200,1,40,-99,2500,120,-99,3000,40.0,-99,2500,0.00,British Columbia
59,all,all,1999,Summerfallow,65000,26300,-99,-99,0,-99,-99,-99,-99,-99,-99,-99.0,-99,-99,-99.00,British Columbia
59,all,all,1999,"Wheat, spring",100000,40400,97000,39200,0.97,36.9,-99,2500,3580,-99,97500,36.9,-99,2487,-0.01,British Columbia
59,5901,5901,2000,Barley,27100,11000,23200,9400,0.856088561,55,-99,3000,1279,-99,27800,55.1,-99,2957,-0.01,"Non Peace, 1 - British Columbia"
59,5901,5901,2000,Canola,-99,-99,-99,-99,-99,-99,-99,-99,-99,-99,-99,-99.0,-99,-99,-99.00,"Non Peace, 1 - British Columbia"
59,5901,5901,2000,Oats,18300,7400,9900,4000,0.540983607,49.2,-99,1900,488,-99,7500,49.3,-99,1875,-0.01,"Non Peace, 1 - British Columbia"
59,5901,5901,2000,"Peas, dry",-99,-99,-99,-99,-99,-99,-99,-99,-99,-99,-99,-99.0,-99,-99,-99.00,"Non Peace, 1 - British Columbia"
59,5901,5901,2000,"Rye, fall remaining",-99,-99,-99,-99,-99,-99,-99,-99,-99,-99,-99,-99.0,-99,-99,-99.00,"Non Peace, 1 - British Columbia"
59,5901,5901,2000,Summerfallow,-99,-99,-99,-99,-99,-99,-99,-99,-99,-99,-99,-99.0,-99,-99,-99.00,"Non Peace, 1 - British Columbia"
59,5901,5901,2000,"Wheat, spring",-99,-99,-99,-99,-99,-99,-99,-99,-99,-99,-99,-99.0,-99,-99,-99.00,"Non Peace, 1 - British Columbia"
59,5908,5908,2000,Barley,57900,23400,49800,20100,0.860103627,56.3,-99,3000,2801,-99,61000,56.2,-99,3035,0.01,"Peace River, 8 - British Columbia"
59,5908,5908,2000,Canola,-99,-99,-99,-99,-99,-99,-99,-99,-99,-99,-99,-99.0,-99,-99,-99.00,"Peace River, 8 - British Columbia"
59,5908,5908,2000,Oats,81700,33100,45100,18200,0.552019584,61.9,-99,2400,2792,-99,43100,61.9,-99,2368,-0.01,"Peace River, 8 - British Columbia"
59,5908,5908,2000,"Peas, dry",10000,4000,10000,4000,1,40,-99,2700,400,-99,10900,40.0,-99,2725,0.01,"Peace River, 8 - British Columbia"
59,5908,5908,2000,"Rye, fall remaining",-99,-99,-99,-99,-99,-99,-99,-99,-99,-99,-99,-99.0,-99,-99,-99.00,"Peace River, 8 - British Columbia"
59,5908,5908,2000,Summerfallow,60000,24000,-99,-99,0,-99,-99,-99,-99,-99,-99,-99.0,-99,-99,-99.00,"Peace River, 8 - British Columbia"
59,5908,5908,2000,"Wheat, spring",-99,-99,-99,-99,-99,-99,-99,-99,-99,-99,-99,-99.0,-99,-99,-99.00,"Peace River, 8 - British Columbia"
59,all,all,2000,Barley,85000,34400,73000,29500,0.858823529,55.9,-99,3000,4080,-99,88800,55.9,-99,3010,0.00,British Columbia
59,all,all,2000,Canola,90000,36400,80000,32400,0.888888889,30.4,-99,1700,2435,-99,55200,30.4,-99,1704,0.00,British Columbia
59,all,all,2000,Oats,100000,40500,55000,22300,0.55,59.6,-99,2300,3280,-99,50600,59.6,-99,2269,-0.01,British Columbia
59,all,all,2000,"Peas, dry",10000,4000,10000,4000,1,40,-99,2700,400,-99,10900,40.0,-99,2725,0.01,British Columbia
59,all,all,2000,"Rye, fall remaining",4000,1600,-99,-99,0,-99,-99,-99,-99,-99,-99,-99.0,-99,-99,-99.00,British Columbia
59,all,all,2000,Summerfallow,60000,24000,-99,-99,0,-99,-99,-99,-99,-99,-99,-99.0,-99,-99,-99.00,British Columbia
59,all,all,2000,"Wheat, spring",95000,38400,85000,34300,0.894736842,40.6,-99,2700,3450,-99,93900,40.6,-99,2738,0.01,British Columbia
59,5901,5901,2001,Barley,26100,10500,21600,8700,0.827586207,67.1,-99,3600,1446,-99,31500,66.9,-99,3621,0.01,"Non Peace, 1 - British Columbia"
59,5901,5901,2001,Canola,-99,-99,-99,-99,-99,-99,-99,-99,-99,-99,-99,-99.0,-99,-99,-99.00,"Non Peace, 1 - British Columbia"
59,5901,5901,2001,Oats,28800,11700,16000,6500,0.555555556,66.8,-99,2500,1072,-99,16500,67.0,-99,2538,0.02,"Non Peace, 1 - British Columbia"
59,5901,5901,2001,"Peas, dry",-99,-99,-99,-99,-99,-99,-99,-99,-99,-99,-99,-99.0,-99,-99,-99.00,"Non Peace, 1 - British Columbia"
59,5901,5901,2001,"Rye, fall remaining",-99,-99,-99,-99,-99,-99,-99,-99,-99,-99,-99,-99.0,-99,-99,-99.00,"Non Peace, 1 - British Columbia"
59,5901,5901,2001,Summerfallow,-99,-99,-99,-99,-99,-99,-99,-99,-99,-99,-99,-99.0,-99,-99,-99.00,"Non Peace, 1 - British Columbia"
59,5901,5901,2001,"Wheat, spring",-99,-99,-99,-99,-99,-99,-99,-99,-99,-99,-99,-99.0,-99,-99,-99.00,"Non Peace, 1 - British Columbia"
59,5908,5908,2001,Barley,64000,25900,58400,23700,0.9125,54.4,-99,2900,3179,-99,69200,54.4,-99,2920,0.01,"Peace River, 8 - British Columbia"
59,5908,5908,2001,Canola,60000,24300,60000,24300,1,25,-99,1400,1500,-99,34000,25.0,-99,1399,0.00,"Peace River, 8 - British Columbia"
59,5908,5908,2001,Oats,51200,20700,24000,9700,0.46875,67.6,-99,2600,1618,-99,25000,67.4,-99,2577,-0.01,"Peace River, 8 - British Columbia"
59,5908,5908,2001,"Peas, dry",13000,8900,5000,2000,0.384615385,33,-99,2200,165,-99,4500,33.0,-99,2250,0.02,"Peace River, 8 - British Columbia"
59,5908,5908,2001,"Rye, fall remaining",-99,-99,-99,-99,-99,-99,-99,-99,-99,-99,-99,-99.0,-99,-99,-99.00,"Peace River, 8 - British Columbia"
59,5908,5908,2001,Summerfallow,90000,36000,-99,-99,0,-99,-99,-99,-99,-99,-99,-99.0,-99,-99,-99.00,"Peace River, 8 - British Columbia"
59,5908,5908,2001,"Wheat, spring",-99,-99,-99,-99,-99,-99,-99,-99,-99,-99,-99,-99.0,-99,-99,-99.00,"Peace River, 8 - British Columbia"
59,all,all,2001,Barley,90000,36400,80000,32400,0.888888889,57.8,-99,3100,4625,-99,100700,57.8,-99,3108,0.00,British Columbia
59,all,all,2001,Canola,60000,24300,60000,24300,1,25,-99,1400,1500,-99,34000,25.0,-99,1399,0.00,British Columbia
59,all,all,2001,Oats,80000,32400,40000,16200,0.5,67.3,-99,2600,2690,-99,41500,67.3,-99,2562,-0.01,British Columbia
59,all,all,2001,"Peas, dry",13000,8900,5000,4000,0.384615385,33,-99,2300,165,-99,4500,33.0,-99,1125,-0.51,British Columbia
59,all,all,2001,"Rye, fall remaining",4000,1600,4000,1600,1,42.5,-99,2700,170,-99,4300,42.5,-99,2688,0.00,British Columbia
59,all,all,2001,Summerfallow,90000,36000,-99,-99,0,-99,-99,-99,-99,-99,-99,-99.0,-99,-99,-99.00,British Columbia
59,all,all,2001,"Wheat, spring",75000,30300,75000,30300,1,40.9,-99,2800,3070,-99,83600,40.9,-99,2759,-0.01,British Columbia
59,5901,5901,2002,Barley,43900,17800,35500,14400,0.808656036,26.9,-99,1400,956,-99,20800,26.9,-99,1444,0.03,"Non Peace, 1 - British Columbia"
59,5901,5901,2002,Canola,-99,-99,-99,-99,-99,-99,-99,-99,-99,-99,-99,-99.0,-99,-99,-99.00,"Non Peace, 1 - British Columbia"
59,5901,5901,2002,Oats,25000,10100,25000,10100,1,40,-99,1500,1000,-99,15400,40.0,-99,1525,0.02,"Non Peace, 1 - British Columbia"
59,5901,5901,2002,"Peas, dry",-99,-99,-99,-99,-99,-99,-99,-99,-99,-99,-99,-99.0,-99,-99,-99.00,"Non Peace, 1 - British Columbia"
59,5901,5901,2002,"Rye, fall remaining",-99,-99,-99,-99,-99,-99,-99,-99,-99,-99,-99,-99.0,-99,-99,-99.00,"Non Peace, 1 - British Columbia"
59,5901,5901,2002,Summerfallow,-99,-99,-99,-99,-99,-99,-99,-99,-99,-99,-99,-99.0,-99,-99,-99.00,"Non Peace, 1 - British Columbia"
59,5901,5901,2002,"Wheat, spring",-99,-99,-99,-99,-99,-99,-99,-99,-99,-99,-99,-99.0,-99,-99,-99.00,"Non Peace, 1 - British Columbia"
59,5908,5908,2002,Barley,91100,36900,84500,34200,0.927552141,57.3,-99,3100,4844,-99,105500,57.3,-99,3085,0.00,"Peace River, 8 - British Columbia"
59,5908,5908,2002,Canola,40000,16200,40000,16200,1,20,-99,1100,800,-99,18100,20.0,-99,1117,0.02,"Peace River, 8 - British Columbia"
59,5908,5908,2002,Oats,75000,30400,40000,16200,0.533333333,65,-99,2500,2600,-99,40100,65.0,-99,2475,-0.01,"Peace River, 8 - British Columbia"
59,5908,5908,2002,"Peas, dry",10000,6000,5000,2000,0.5,26,-99,1800,130,-99,3500,26.0,-99,1750,-0.03,"Peace River, 8 - British Columbia"
59,5908,5908,2002,"Rye, fall remaining",-99,-99,-99,-99,-99,-99,-99,-99,-99,-99,-99,-99.0,-99,-99,-99.00,"Peace River, 8 - British Columbia"
59,5908,5908,2002,Summerfallow,90000,36000,-99,-99,0,-99,-99,-99,-99,-99,-99,-99.0,-99,-99,-99.00,"Peace River, 8 - British Columbia"
59,5908,5908,2002,"Wheat, spring",-99,-99,-99,-99,-99,-99,-99,-99,-99,-99,-99,-99.0,-99,-99,-99.00,"Peace River, 8 - British Columbia"
59,all,all,2002,Barley,135000,54600,120000,48600,0.888888889,48.3,-99,2600,5800,-99,126300,48.3,-99,2599,0.00,British Columbia
59,all,all,2002,Canola,40000,16200,40000,16200,1,20,-99,1100,800,-99,18100,20.0,-99,1117,0.02,British Columbia
59,all,all,2002,Oats,100000,40500,65000,26300,0.65,55.4,-99,2100,3600,-99,55500,55.4,-99,2110,0.00,British Columbia
59,all,all,2002,"Peas, dry",10000,6000,5000,2000,0.5,26,-99,1800,130,-99,3500,26.0,-99,1750,-0.03,British Columbia
59,all,all,2002,"Rye, fall remaining",1000,400,1000,400,1,45,-99,2800,45,-99,1100,45.0,-99,2750,-0.02,British Columbia
59,all,all,2002,Summerfallow,90000,36000,-99,-99,0,-99,-99,-99,-99,-99,-99,-99.0,-99,-99,-99.00,British Columbia
59,all,all,2002,"Wheat, spring",37000,15000,32000,12900,0.864864865,39.8,-99,2700,1275,-99,34700,39.8,-99,2690,0.00,British Columbia
59,5901,5901,2003,Barley,38100,15400,28400,11500,0.745406824,59.6,-99,3200,1695,-99,36900,59.7,-99,3209,0.00,"Non Peace, 1 - British Columbia"
59,5901,5901,2003,Canola,-99,-99,-99,-99,-99,-99,-99,-99,-99,-99,-99,-99.0,-99,-99,-99.00,"Non Peace, 1 - British Columbia"
59,5901,5901,2003,Oats,25000,10100,20000,8100,0.8,62.5,-99,2400,1250,-99,19300,62.5,-99,2383,-0.01,"Non Peace, 1 - British Columbia"
59,5901,5901,2003,"Peas, dry",-99,-99,-99,-99,-99,-99,-99,-99,-99,-99,-99,-99.0,-99,-99,-99.00,"Non Peace, 1 - British Columbia"
59,5901,5901,2003,"Rye, fall remaining",-99,-99,-99,-99,-99,-99,-99,-99,-99,-99,-99,-99.0,-99,-99,-99.00,"Non Peace, 1 - British Columbia"
59,5901,5901,2003,Summerfallow,-99,-99,-99,-99,-99,-99,-99,-99,-99,-99,-99,-99.0,-99,-99,-99.00,"Non Peace, 1 - British Columbia"
59,5901,5901,2003,"Wheat, spring",3400,1400,3400,1400,1,33,-99,2200,112,-99,3100,32.9,-99,2214,0.01,"Non Peace, 1 - British Columbia"
59,5908,5908,2003,Barley,76900,31100,71600,29000,0.931079324,65.8,-99,3500,4705,-99,102400,65.7,-99,3531,0.01,"Peace River, 8 - British Columbia"
59,5908,5908,2003,Canola,-99,-99,-99,-99,-99,-99,-99,-99,-99,-99,-99,-99.0,-99,-99,-99.00,"Peace River, 8 - British Columbia"
59,5908,5908,2003,Oats,80000,32400,45000,18200,0.5625,88.9,-99,3400,4000,-99,61700,88.9,-99,3390,0.00,"Peace River, 8 - British Columbia"
59,5908,5908,2003,"Peas, dry",10000,4000,10000,4000,1,35,-99,2400,350,-99,9500,35.0,-99,2375,-0.01,"Peace River, 8 - British Columbia"
59,5908,5908,2003,"Rye, fall remaining",-99,-99,-99,-99,-99,-99,-99,-99,-99,-99,-99,-99.0,-99,-99,-99.00,"Peace River, 8 - British Columbia"
59,5908,5908,2003,Summerfallow,45000,18000,-99,-99,0,-99,-99,-99,-99,-99,-99,-99.0,-99,-99,-99.00,"Peace River, 8 - British Columbia"
59,5908,5908,2003,"Wheat, spring",46600,18900,45600,18400,0.978540773,40.3,-99,2700,1838,-99,50000,40.3,-99,2717,0.01,"Peace River, 8 - British Columbia"
59,all,all,2003,Barley,115000,46500,100000,40500,0.869565217,64,-99,3400,6400,-99,139300,64.0,-99,3440,0.01,British Columbia
59,all,all,2003,Canola,75000,30400,70000,28300,0.933333333,24.3,-99,1400,1700,-99,38600,24.3,-99,1364,-0.03,British Columbia
59,all,all,2003,Oats,105000,42500,65000,26300,0.619047619,80.8,-99,3100,5250,-99,81000,80.8,-99,3080,-0.01,British Columbia
59,all,all,2003,"Peas, dry",10000,4000,10000,4000,1,35,-99,2400,350,-99,9500,35.0,-99,2375,-0.01,British Columbia
59,all,all,2003,"Rye, fall remaining",-99,-99,-99,-99,-99,-99,-99,-99,-99,-99,-99,-99.0,-99,-99,-99.00,British Columbia
59,all,all,2003,Summerfallow,45000,18000,-99,-99,0,-99,-99,-99,-99,-99,-99,-99.0,-99,-99,-99.00,British Columbia
59,all,all,2003,"Wheat, spring",50000,20200,49000,19800,0.98,39.8,-99,2700,1950,-99,53100,39.8,-99,2682,-0.01,British Columbia
59,5901,5901,2004,Barley,41100,16600,40300,16300,0.98053528,69.5,-99,3700,2797,-99,60900,69.4,-99,3736,0.01,"Non Peace, 1 - British Columbia"
59,5901,5901,2004,Canola,-99,-99,-99,-99,-99,-99,-99,-99,-99,-99,-99,-99.0,-99,-99,-99.00,"Non Peace, 1 - British Columbia"
59,5901,5901,2004,Oats,25000,10100,10000,4000,0.4,80,-99,3100,800,-99,12300,80.0,-99,3075,-0.01,"Non Peace, 1 - British Columbia"
59,5901,5901,2004,"Peas, dry",-99,-99,-99,-99,-99,-99,-99,-99,-99,-99,-99,-99.0,-99,-99,-99.00,"Non Peace, 1 - British Columbia"
59,5901,5901,2004,"Rye, fall remaining",-99,-99,-99,-99,-99,-99,-99,-99,-99,-99,-99,-99.0,-99,-99,-99.00,"Non Peace, 1 - British Columbia"
59,5901,5901,2004,Summerfallow,-99,-99,-99,-99,-99,-99,-99,-99,-99,-99,-99,-99.0,-99,-99,-99.00,"Non Peace, 1 - British Columbia"
59,5901,5901,2004,"Wheat, spring",5100,2100,5100,2100,1,63.2,-99,4300,324,-99,8800,63.5,-99,4190,-0.03,"Non Peace, 1 - British Columbia"
59,5908,5908,2004,Barley,53900,21800,24700,10000,0.45825603,54.7,-99,2900,1354,-99,29500,54.8,-99,2950,0.02,"Peace River, 8 - British Columbia"
59,5908,5908,2004,Canola,-99,-99,-99,-99,-99,-99,-99,-99,-99,-99,-99,-99.0,-99,-99,-99.00,"Peace River, 8 - British Columbia"
59,5908,5908,2004,Oats,90000,36400,30000,12100,0.333333333,73.3,-99,2800,2200,-99,33900,73.3,-99,2802,0.00,"Peace River, 8 - British Columbia"
59,5908,5908,2004,"Peas, dry",5000,2000,4000,1600,0.8,31.3,-99,2100,125,-99,3400,31.3,-99,2125,0.01,"Peace River, 8 - British Columbia"
59,5908,5908,2004,"Rye, fall remaining",-99,-99,-99,-99,-99,-99,-99,-99,-99,-99,-99,-99.0,-99,-99,-99.00,"Peace River, 8 - British Columbia"
59,5908,5908,2004,Summerfallow,40000,16000,-99,-99,0,-99,-99,-99,-99,-99,-99,-99.0,-99,-99,-99.00,"Peace River, 8 - British Columbia"
59,5908,5908,2004,"Wheat, spring",49900,20200,45900,18600,0.919839679,35,-99,2400,1606,-99,43700,35.0,-99,2349,-0.02,"Peace River, 8 - British Columbia"
59,all,all,2004,Barley,95000,38400,65000,26300,0.684210526,63.8,-99,3400,4150,-99,90400,63.8,-99,3437,0.01,British Columbia
59,all,all,2004,Canola,70000,28300,62000,25100,0.885714286,31.1,-99,1700,1930,-99,43800,31.1,-99,1745,0.03,British Columbia
59,all,all,2004,Oats,115000,46500,40000,16200,0.347826087,75,-99,2900,3000,-99,46300,75.0,-99,2858,-0.01,British Columbia
59,all,all,2004,"Peas, dry",5000,2000,4000,1600,0.8,31.3,-99,2100,125,-99,3400,31.3,-99,2125,0.01,British Columbia
59,all,all,2004,"Rye, fall remaining",-99,-99,-99,-99,-99,-99,-99,-99,-99,-99,-99,-99.0,-99,-99,-99.00,British Columbia
59,all,all,2004,Summerfallow,40000,16000,-99,-99,0,-99,-99,-99,-99,-99,-99,-99.0,-99,-99,-99.00,British Columbia
59,all,all,2004,"Wheat, spring",55000,22200,51000,20600,0.927272727,37.8,-99,2500,1930,-99,52500,37.8,-99,2549,0.02,British Columbia
59,5901,5901,2005,Barley,26300,10600,10300,4200,0.391634981,40,-99,2200,413,-99,9000,40.1,-99,2143,-0.03,"Non Peace, 1 - British Columbia"
59,5901,5901,2005,Canola,-99,-99,-99,-99,-99,-99,-99,-99,-99,-99,-99,-99.0,-99,-99,-99.00,"Non Peace, 1 - British Columbia"
59,5901,5901,2005,Oats,25000,10100,5000,2000,0.2,80,-99,3100,400,-99,6200,80.0,-99,3100,0.00,"Non Peace, 1 - British Columbia"
59,5901,5901,2005,"Peas, dry",-99,-99,-99,-99,-99,-99,-99,-99,-99,-99,-99,-99.0,-99,-99,-99.00,"Non Peace, 1 - British Columbia"
59,5901,5901,2005,"Rye, fall remaining",-99,-99,-99,-99,-99,-99,-99,-99,-99,-99,-99,-99.0,-99,-99,-99.00,"Non Peace, 1 - British Columbia"
59,5901,5901,2005,Summerfallow,-99,-99,-99,-99,-99,-99,-99,-99,-99,-99,-99,-99.0,-99,-99,-99.00,"Non Peace, 1 - British Columbia"
59,5901,5901,2005,"Wheat, spring",-99,-99,-99,-99,-99,-99,-99,-99,-99,-99,-99,-99.0,-99,-99,-99.00,"Non Peace, 1 - British Columbia"
59,5908,5908,2005,Barley,63700,25800,49700,20100,0.78021978,58.3,-99,3100,2897,-99,63100,58.3,-99,3139,0.01,"Peace River, 8 - British Columbia"
59,5908,5908,2005,Canola,85000,34400,75000,30400,0.882352941,37.3,-99,2100,2800,-99,63500,37.3,-99,2089,-0.01,"Peace River, 8 - British Columbia"
59,5908,5908,2005,Oats,80000,32400,40000,16200,0.5,81.8,-99,3100,3270,-99,50400,81.8,-99,3111,0.00,"Peace River, 8 - British Columbia"
59,5908,5908,2005,"Peas, dry",5000,2000,5000,2000,1,43,-99,2900,215,-99,5800,43.0,-99,2900,0.00,"Peace River, 8 - British Columbia"
59,5908,5908,2005,"Rye, fall remaining",-99,-99,-99,-99,-99,-99,-99,-99,-99,-99,-99,-99.0,-99,-99,-99.00,"Peace River, 8 - British Columbia"
59,5908,5908,2005,Summerfallow,60000,24000,-99,-99,0,-99,-99,-99,-99,-99,-99,-99.0,-99,-99,-99.00,"Peace River, 8 - British Columbia"
59,5908,5908,2005,"Wheat, spring",-99,-99,-99,-99,-99,-99,-99,-99,-99,-99,-99,-99.0,-99,-99,-99.00,"Peace River, 8 - British Columbia"
59,all,all,2005,Barley,90000,36400,60000,24300,0.666666667,55.2,-99,3000,3310,-99,72100,55.2,-99,2967,-0.01,British Columbia
59,all,all,2005,Canola,85000,34400,75000,30400,0.882352941,37.3,-99,2100,2800,-99,63500,37.3,-99,2089,-0.01,British Columbia
59,all,all,2005,Oats,105000,42500,45000,18200,0.428571429,81.6,-99,3100,3670,-99,56600,81.6,-99,3110,0.00,British Columbia
59,all,all,2005,"Peas, dry",5000,2000,5000,2000,1,43,-99,2900,215,-99,5800,43.0,-99,2900,0.00,British Columbia
59,all,all,2005,"Rye, fall remaining",-99,-99,-99,-99,-99,-99,-99,-99,-99,-99,-99,-99.0,-99,-99,-99.00,British Columbia
59,all,all,2005,Summerfallow,60000,24000,-99,-99,0,-99,-99,-99,-99,-99,-99,-99.0,-99,-99,-99.00,British Columbia
59,all,all,2005,"Wheat, spring",50000,20200,45000,18200,0.9,47.6,-99,3200,2140,-99,58200,47.6,-99,3198,0.00,British Columbia
59,5901,5901,2006,Barley,26700,10800,15000,6100,0.561797753,51.3,-99,2800,770,-99,16800,51.3,-99,2754,-0.02,"Non Peace, 1 - British Columbia"
59,5901,5901,2006,Canola,-99,-99,-99,-99,-99,-99,-99,-99,-99,-99,-99,-99.0,-99,-99,-99.00,"Non Peace, 1 - British Columbia"
59,5901,5901,2006,Oats,18000,7300,10000,4000,0.555555556,64,-99,2500,640,-99,9900,64.0,-99,2475,-0.01,"Non Peace, 1 - British Columbia"
59,5901,5901,2006,"Peas, dry",-99,-99,-99,-99,-99,-99,-99,-99,-99,-99,-99,-99.0,-99,-99,-99.00,"Non Peace, 1 - British Columbia"
59,5901,5901,2006,"Rye, fall remaining",-99,-99,-99,-99,-99,-99,-99,-99,-99,-99,-99,-99.0,-99,-99,-99.00,"Non Peace, 1 - British Columbia"
59,5901,5901,2006,Summerfallow,-99,-99,-99,-99,-99,-99,-99,-99,-99,-99,-99,-99.0,-99,-99,-99.00,"Non Peace, 1 - British Columbia"
59,5901,5901,2006,"Wheat, spring",4300,1700,4300,1700,1,48.6,-99,3300,209,-99,5700,48.6,-99,3353,0.02,"Non Peace, 1 - British Columbia"
59,5908,5908,2006,Barley,34000,13800,20000,8100,0.588235294,33.5,-99,1800,670,-99,14600,33.5,-99,1802,0.00,"Peace River, 8 - British Columbia"
59,5908,5908,2006,Canola,-99,-99,-99,-99,-99,-99,-99,-99,-99,-99,-99,-99.0,-99,-99,-99.00,"Peace River, 8 - British Columbia"
59,5908,5908,2006,Oats,63000,25500,25000,10100,0.396825397,46,-99,1800,1150,-99,17700,46.0,-99,1752,-0.03,"Peace River, 8 - British Columbia"
59,5908,5908,2006,"Peas, dry",6400,2300,5000,2000,0.78125,17,-99,1200,85,-99,2300,17.0,-99,1150,-0.04,"Peace River, 8 - British Columbia"
59,5908,5908,2006,"Rye, fall remaining",-99,-99,-99,-99,-99,-99,-99,-99,-99,-99,-99,-99.0,-99,-99,-99.00,"Peace River, 8 - British Columbia"
59,5908,5908,2006,Summerfallow,63200,26000,-99,-99,0,-99,-99,-99,-99,-99,-99,-99.0,-99,-99,-99.00,"Peace River, 8 - British Columbia"
59,5908,5908,2006,"Wheat, spring",50600,20500,49700,20100,0.982213439,26,-99,1700,1291,-99,35100,26.0,-99,1746,0.03,"Peace River, 8 - British Columbia"
59,all,all,2006,Barley,60800,24600,35000,14200,0.575657895,41.1,-99,2200,1440,-99,31400,41.1,-99,2211,0.01,British Columbia
59,all,all,2006,Canola,64300,26000,60000,24300,0.933125972,20,-99,1100,1200,-99,27200,20.0,-99,1119,0.02,British Columbia
59,all,all,2006,Oats,81100,32800,35000,14200,0.431565968,51.1,-99,1900,1790,-99,27600,51.1,-99,1944,0.02,British Columbia
59,all,all,2006,"Peas, dry",6400,2300,5000,2000,0.78125,17,-99,1200,85,-99,2300,17.0,-99,1150,-0.04,British Columbia
59,all,all,2006,"Rye, fall remaining",-99,-99,-99,-99,-99,-99,-99,-99,-99,-99,-99,-99.0,-99,-99,-99.00,British Columbia
59,all,all,2006,Summerfallow,63200,26000,-99,-99,0,-99,-99,-99,-99,-99,-99,-99.0,-99,-99,-99.00,British Columbia
59,all,all,2006,"Wheat, spring",54900,22200,54000,21800,0.983606557,27.8,-99,1900,1500,-99,40800,27.8,-99,1872,-0.01,British Columbia
59,5901,5901,2007,Barley,19600,7900,9200,3700,0.469387755,30.6,-99,1600,283,-99,6200,30.8,-99,1676,0.05,"Non Peace, 1 - British Columbia"
59,5901,5901,2007,Canola,-99,-99,-99,-99,-99,-99,-99,-99,-99,-99,-99,-99.0,-99,-99,-99.00,"Non Peace, 1 - British Columbia"
59,5901,5901,2007,Oats,25000,10100,10000,4000,0.4,35,-99,1400,350,-99,5400,35.0,-99,1350,-0.04,"Non Peace, 1 - British Columbia"
59,5901,5901,2007,"Peas, dry",-99,-99,-99,-99,-99,-99,-99,-99,-99,-99,-99,-99.0,-99,-99,-99.00,"Non Peace, 1 - British Columbia"
59,5901,5901,2007,"Rye, fall remaining",-99,-99,-99,-99,-99,-99,-99,-99,-99,-99,-99,-99.0,-99,-99,-99.00,"Non Peace, 1 - British Columbia"
59,5901,5901,2007,Summerfallow,-99,-99,-99,-99,-99,-99,-99,-99,-99,-99,-99,-99.0,-99,-99,-99.00,"Non Peace, 1 - British Columbia"
59,5901,5901,2007,"Wheat, spring",-99,-99,-99,-99,-99,-99,-99,-99,-99,-99,-99,-99.0,-99,-99,-99.00,"Non Peace, 1 - British Columbia"
59,5908,5908,2007,Barley,65400,26500,55800,22600,0.853211009,56.8,-99,3100,3167,-99,68900,56.8,-99,3049,-0.02,"Peace River, 8 - British Columbia"
59,5908,5908,2007,Canola,-99,-99,-99,-99,-99,-99,-99,-99,-99,-99,-99,-99.0,-99,-99,-99.00,"Peace River, 8 - British Columbia"
59,5908,5908,2007,Oats,65000,26300,45000,18200,0.692307692,78.9,-99,3000,3550,-99,54700,78.9,-99,3005,0.00,"Peace River, 8 - British Columbia"
59,5908,5908,2007,"Peas, dry",-99,-99,-99,-99,-99,-99,-99,-99,-99,-99,-99,-99.0,-99,-99,-99.00,"Peace River, 8 - British Columbia"
59,5908,5908,2007,"Rye, fall remaining",-99,-99,-99,-99,-99,-99,-99,-99,-99,-99,-99,-99.0,-99,-99,-99.00,"Peace River, 8 - British Columbia"
59,5908,5908,2007,Summerfallow,55000,22300,-99,-99,0,-99,-99,-99,-99,-99,-99,-99.0,-99,-99,-99.00,"Peace River, 8 - British Columbia"
59,5908,5908,2007,"Wheat, spring",-99,-99,-99,-99,-99,-99,-99,-99,-99,-99,-99,-99.0,-99,-99,-99.00,"Peace River, 8 - British Columbia"
59,all,all,2007,Barley,85000,34400,65000,26300,0.764705882,53.1,-99,2900,3450,-99,75100,53.1,-99,2856,-0.02,British Columbia
59,all,all,2007,Canola,70000,28300,70000,28300,1,30,-99,1700,2100,-99,47600,30.0,-99,1682,-0.01,British Columbia
59,all,all,2007,Oats,90000,36400,55000,22300,0.611111111,70.9,-99,2700,3900,-99,60100,70.9,-99,2695,0.00,British Columbia
59,all,all,2007,"Peas, dry",-99,-99,-99,-99,-99,-99,-99,-99,-99,-99,-99,-99.0,-99,-99,-99.00,British Columbia
59,all,all,2007,"Rye, fall remaining",-99,-99,-99,-99,-99,-99,-99,-99,-99,-99,-99,-99.0,-99,-99,-99.00,British Columbia
59,all,all,2007,Summerfallow,55000,22300,-99,-99,0,-99,-99,-99,-99,-99,-99,-99.0,-99,-99,-99.00,British Columbia
59,all,all,2007,"Wheat, spring",40000,16200,40000,16200,1,44.6,-99,3000,1785,-99,48600,44.6,-99,3000,0.00,British Columbia
59,5901,5901,2008,Barley,30500,12300,21000,8500,0.68852459,42.2,-99,2300,889,-99,19300,42.3,-99,2271,-0.01,"Non Peace, 1 - British Columbia"
59,5901,5901,2008,Canola,-99,-99,-99,-99,-99,-99,-99,-99,-99,-99,-99,-99.0,-99,-99,-99.00,"Non Peace, 1 - British Columbia"
59,5901,5901,2008,Oats,15000,6100,5000,2000,0.333333333,52,-99,2000,260,-99,4000,52.0,-99,2000,0.00,"Non Peace, 1 - British Columbia"
59,5901,5901,2008,"Peas, dry",-99,-99,-99,-99,-99,-99,-99,-99,-99,-99,-99,-99.0,-99,-99,-99.00,"Non Peace, 1 - British Columbia"
59,5901,5901,2008,"Rye, fall remaining",-99,-99,-99,-99,-99,-99,-99,-99,-99,-99,-99,-99.0,-99,-99,-99.00,"Non Peace, 1 - British Columbia"
59,5901,5901,2008,Summerfallow,-99,-99,-99,-99,-99,-99,-99,-99,-99,-99,-99,-99.0,-99,-99,-99.00,"Non Peace, 1 - British Columbia"
59,5901,5901,2008,"Wheat, spring",-99,-99,-99,-99,-99,-99,-99,-99,-99,-99,-99,-99.0,-99,-99,-99.00,"Non Peace, 1 - British Columbia"
59,5908,5908,2008,Barley,49500,20000,39000,15700,0.787878788,37.3,-99,2000,1451,-99,31600,37.2,-99,2013,0.01,"Peace River, 8 - British Columbia"
59,5908,5908,2008,Canola,-99,-99,-99,-99,-99,-99,-99,-99,-99,-99,-99,-99.0,-99,-99,-99.00,"Peace River, 8 - British Columbia"
59,5908,5908,2008,Oats,55000,22300,35000,14200,0.636363636,55.4,-99,2100,1940,-99,29900,55.4,-99,2106,0.00,"Peace River, 8 - British Columbia"
59,5908,5908,2008,"Peas, dry",-99,-99,-99,-99,-99,-99,-99,-99,-99,-99,-99,-99.0,-99,-99,-99.00,"Peace River, 8 - British Columbia"
59,5908,5908,2008,"Rye, fall remaining",-99,-99,-99,-99,-99,-99,-99,-99,-99,-99,-99,-99.0,-99,-99,-99.00,"Peace River, 8 - British Columbia"
59,5908,5908,2008,Summerfallow,75500,30600,-99,-99,0,-99,-99,-99,-99,-99,-99,-99.0,-99,-99,-99.00,"Peace River, 8 - British Columbia"
59,5908,5908,2008,"Wheat, spring",-99,-99,-99,-99,-99,-99,-99,-99,-99,-99,-99,-99.0,-99,-99,-99.00,"Peace River, 8 - British Columbia"
59,all,all,2008,Barley,80000,32400,60000,24300,0.75,39,-99,2100,2340,-99,50900,39.0,-99,2095,0.00,British Columbia
59,all,all,2008,Canola,60000,24300,50000,20200,0.833333333,28,-99,1600,1400,-99,31800,28.0,-99,1574,-0.02,British Columbia
59,all,all,2008,Oats,70000,28300,40000,16200,0.571428571,55,-99,2100,2200,-99,33900,55.0,-99,2093,0.00,British Columbia
59,all,all,2008,"Peas, dry",-99,-99,-99,-99,-99,-99,-99,-99,-99,-99,-99,-99.0,-99,-99,-99.00,British Columbia
59,all,all,2008,"Rye, fall remaining",-99,-99,-99,-99,-99,-99,-99,-99,-99,-99,-99,-99.0,-99,-99,-99.00,British Columbia
59,all,all,2008,Summerfallow,75500,30600,-99,-99,0,-99,-99,-99,-99,-99,-99,-99.0,-99,-99,-99.00,British Columbia
59,all,all,2008,"Wheat, spring",60000,24200,60000,24200,1,28.6,-99,1900,1715,-99,46700,28.6,-99,1930,0.02,British Columbia
59,5901,5901,2009,Barley,22200,9000,10100,4100,0.454954955,54.2,-99,2900,550,-99,12000,54.5,-99,2927,0.01,"Non Peace, 1 - British Columbia"
59,5901,5901,2009,Canola,1400,600,1400,600,1,26.9,-99,1400,37,-99,800,26.4,-99,1333,-0.05,"Non Peace, 1 - British Columbia"
59,5901,5901,2009,Oats,15000,6100,5000,2000,0.333333333,60,-99,2300,300,-99,4600,60.0,-99,2300,0.00,"Non Peace, 1 - British Columbia"
59,5901,5901,2009,"Peas, dry",-99,-99,-99,-99,-99,-99,-99,-99,-99,-99,-99,-99.0,-99,-99,-99.00,"Non Peace, 1 - British Columbia"
59,5901,5901,2009,"Rye, fall remaining",-99,-99,-99,-99,-99,-99,-99,-99,-99,-99,-99,-99.0,-99,-99,-99.00,"Non Peace, 1 - British Columbia"
59,5901,5901,2009,Summerfallow,-99,-99,-99,-99,-99,-99,-99,-99,-99,-99,-99,-99.0,-99,-99,-99.00,"Non Peace, 1 - British Columbia"
59,5901,5901,2009,"Wheat, spring",4000,1600,4000,1600,1,20.2,-99,1400,81,-99,2200,20.3,-99,1375,-0.02,"Non Peace, 1 - British Columbia"
59,5908,5908,2009,Barley,42800,17300,29900,12100,0.698598131,51.9,-99,2800,1550,-99,33800,51.8,-99,2793,0.00,"Peace River, 8 - British Columbia"
59,5908,5908,2009,Canola,73700,29800,70600,28600,0.957937585,30.7,-99,1600,2163,-99,49000,30.6,-99,1713,0.07,"Peace River, 8 - British Columbia"
59,5908,5908,2009,Oats,60000,24300,25000,10100,0.416666667,76,-99,2900,1900,-99,29300,76.0,-99,2901,0.00,"Peace River, 8 - British Columbia"
59,5908,5908,2009,"Peas, dry",-99,-99,-99,-99,-99,-99,-99,-99,-99,-99,-99,-99.0,-99,-99,-99.00,"Peace River, 8 - British Columbia"
59,5908,5908,2009,"Rye, fall remaining",-99,-99,-99,-99,-99,-99,-99,-99,-99,-99,-99,-99.0,-99,-99,-99.00,"Peace River, 8 - British Columbia"
59,5908,5908,2009,Summerfallow,61000,24700,-99,-99,0,-99,-99,-99,-99,-99,-99,-99.0,-99,-99,-99.00,"Peace River, 8 - British Columbia"
59,5908,5908,2009,"Wheat, spring",71000,28700,71000,28700,1,35.7,-99,2400,2534,-99,69000,35.7,-99,2404,0.00,"Peace River, 8 - British Columbia"
59,all,all,2009,Barley,65000,26300,40000,16200,0.615384615,52.5,-99,2800,2100,-99,45700,52.5,-99,2821,0.01,British Columbia
59,all,all,2009,Canola,75000,30400,72000,29100,0.96,30.6,-99,1700,2200,-99,49900,30.6,-99,1715,0.01,British Columbia
59,all,all,2009,Oats,75000,30400,30000,12100,0.4,73.3,-99,2800,2200,-99,33900,73.3,-99,2802,0.00,British Columbia
59,all,all,2009,"Peas, dry",-99,-99,-99,-99,-99,-99,-99,-99,-99,-99,-99,-99.0,-99,-99,-99.00,British Columbia
59,all,all,2009,"Rye, fall remaining",-99,-99,-99,-99,-99,-99,-99,-99,-99,-99,-99,-99.0,-99,-99,-99.00,British Columbia
59,all,all,2009,Summerfallow,61000,24700,-99,-99,0,-99,-99,-99,-99,-99,-99,-99.0,-99,-99,-99.00,British Columbia
59,all,all,2009,"Wheat, spring",75000,30300,75000,30300,1,34.9,-99,2300,2615,-99,71200,34.9,-99,2350,0.02,British Columbia
59,5901,5901,2010,Barley,22200,9000,6100,2500,0.274774775,58,-99,3100,355,-99,7700,58.2,-99,3080,-0.01,"Non Peace, 1 - British Columbia"
59,5901,5901,2010,Canola,-99,-99,-99,-99,-99,-99,-99,-99,-99,-99,-99,-99.0,-99,-99,-99.00,"Non Peace, 1 - British Columbia"
59,5901,5901,2010,Oats,20000,8100,6000,2400,0.3,50,-99,1900,300,-99,4600,50.0,-99,1917,0.01,"Non Peace, 1 - British Columbia"
59,5901,5901,2010,"Peas, dry",-99,-99,-99,-99,-99,-99,-99,-99,-99,-99,-99,-99.0,-99,-99,-99.00,"Non Peace, 1 - British Columbia"
59,5901,5901,2010,"Rye, fall remaining",-99,-99,-99,-99,-99,-99,-99,-99,-99,-99,-99,-99.0,-99,-99,-99.00,"Non Peace, 1 - British Columbia"
59,5901,5901,2010,Summerfallow,-99,-99,-99,-99,-99,-99,-99,-99,-99,-99,-99,-99.0,-99,-99,-99.00,"Non Peace, 1 - British Columbia"
59,5901,5901,2010,"Wheat, spring",17500,7100,17500,7100,1,36.4,-99,2500,639,-99,17400,36.5,-99,2451,-0.02,"Non Peace, 1 - British Columbia"
59,5908,5908,2010,Barley,37800,15300,32900,13300,0.87037037,31.3,-99,1700,1030,-99,22400,31.3,-99,1684,-0.01,"Peace River, 8 - British Columbia"
59,5908,5908,2010,Canola,-99,-99,-99,-99,-99,-99,-99,-99,-99,-99,-99,-99.0,-99,-99,-99.00,"Peace River, 8 - British Columbia"
59,5908,5908,2010,Oats,60000,24300,39000,15800,0.65,51.3,-99,1900,2000,-99,30800,51.3,-99,1949,0.03,"Peace River, 8 - British Columbia"
59,5908,5908,2010,"Peas, dry",-99,-99,-99,-99,-99,-99,-99,-99,-99,-99,-99,-99.0,-99,-99,-99.00,"Peace River, 8 - British Columbia"
59,5908,5908,2010,"Rye, fall remaining",-99,-99,-99,-99,-99,-99,-99,-99,-99,-99,-99,-99.0,-99,-99,-99.00,"Peace River, 8 - British Columbia"
59,5908,5908,2010,Summerfallow,61000,24700,-99,-99,0,-99,-99,-99,-99,-99,-99,-99.0,-99,-99,-99.00,"Peace River, 8 - British Columbia"
59,5908,5908,2010,"Wheat, spring",42500,17200,41500,16800,0.976470588,23.3,-99,1600,966,-99,26300,23.3,-99,1565,-0.02,"Peace River, 8 - British Columbia"
59,all,all,2010,Barley,60000,24300,39000,15800,0.65,35.5,-99,1900,1385,-99,30200,35.5,-99,1911,0.01,British Columbia
59,all,all,2010,Canola,100000,40500,100000,40500,1,17.5,-99,1000,1750,-99,39700,17.5,-99,980,-0.02,British Columbia
59,all,all,2010,Oats,80000,32400,45000,18200,0.5625,51.1,-99,2000,2300,-99,35500,51.1,-99,1951,-0.02,British Columbia
59,all,all,2010,"Peas, dry",-99,-99,-99,-99,-99,-99,-99,-99,-99,-99,-99,-99.0,-99,-99,-99.00,British Columbia
59,all,all,2010,"Rye, fall remaining",-99,-99,-99,-99,-99,-99,-99,-99,-99,-99,-99,-99.0,-99,-99,-99.00,British Columbia
59,all,all,2010,Summerfallow,61000,24700,-99,-99,0,-99,-99,-99,-99,-99,-99,-99.0,-99,-99,-99.00,British Columbia
59,all,all,2010,"Wheat, spring",60000,24200,59000,23800,0.983333333,27.2,-99,1800,1605,-99,43700,27.2,-99,1836,0.02,British Columbia
59,5901,5901,2011,Barley,22000,8900,11900,4800,0.540909091,75.4,-99,4100,899,-99,19600,75.5,-99,4083,0.00,"Non Peace, 1 - British Columbia"
59,5901,5901,2011,Canola,3100,1200,2900,1200,0.935483871,39,-99,2200,114,-99,2600,39.3,-99,2167,-0.02,"Non Peace, 1 - British Columbia"
59,5901,5901,2011,Oats,14000,5700,5000,2000,0.357142857,68,-99,2600,340,-99,5200,68.0,-99,2600,0.00,"Non Peace, 1 - British Columbia"
59,5901,5901,2011,"Peas, dry",-99,-99,-99,-99,-99,-99,-99,-99,-99,-99,-99,-99.0,-99,-99,-99.00,"Non Peace, 1 - British Columbia"
59,5901,5901,2011,"Rye, fall remaining",-99,-99,-99,-99,-99,-99,-99,-99,-99,-99,-99,-99.0,-99,-99,-99.00,"Non Peace, 1 - British Columbia"
59,5901,5901,2011,Summerfallow,6700,2700,-99,-99,0,-99,-99,-99,-99,-99,-99,-99.0,-99,-99,-99.00,"Non Peace, 1 - British Columbia"
59,5901,5901,2011,"Wheat, spring",8800,3600,6300,2600,0.715909091,43.6,-99,2800,276,-99,7500,43.8,-99,2885,0.03,"Non Peace, 1 - British Columbia"
59,5908,5908,2011,Barley,43500,17600,43100,17500,0.990804598,47.6,-99,2600,2051,-99,44600,47.6,-99,2549,-0.02,"Peace River, 8 - British Columbia"
59,5908,5908,2011,Canola,85500,34600,82100,33200,0.960233918,28.7,-99,1600,2356,-99,53400,28.7,-99,1608,0.01,"Peace River, 8 - British Columbia"
59,5908,5908,2011,Oats,73000,29500,65000,26300,0.890410959,80.9,-99,3100,5260,-99,81100,80.9,-99,3084,-0.01,"Peace River, 8 - British Columbia"
59,5908,5908,2011,"Peas, dry",-99,-99,-99,-99,-99,-99,-99,-99,-99,-99,-99,-99.0,-99,-99,-99.00,"Peace River, 8 - British Columbia"
59,5908,5908,2011,"Rye, fall remaining",-99,-99,-99,-99,-99,-99,-99,-99,-99,-99,-99,-99.0,-99,-99,-99.00,"Peace River, 8 - British Columbia"
59,5908,5908,2011,Summerfallow,39800,16100,-99,-99,0,-99,-99,-99,-99,-99,-99,-99.0,-99,-99,-99.00,"Peace River, 8 - British Columbia"
59,5908,5908,2011,"Wheat, spring",73300,29800,69700,28300,0.950886767,60.2,-99,3900,4194,-99,114100,60.2,-99,4032,0.03,"Peace River, 8 - British Columbia"
59,all,all,2011,Barley,65400,26500,55000,22300,0.840978593,53.6,-99,2900,2950,-99,64200,53.6,-99,2879,-0.01,British Columbia
59,all,all,2011,Canola,88600,35800,85000,34400,0.959367946,29.1,-99,1600,2470,-99,56000,29.1,-99,1628,0.02,British Columbia
59,all,all,2011,Oats,86900,35200,70000,28300,0.80552359,80,-99,3100,5600,-99,86400,80.0,-99,3053,-0.02,British Columbia
59,all,all,2011,"Peas, dry",-99,-99,-99,-99,-99,-99,-99,-99,-99,-99,-99,-99.0,-99,-99,-99.00,British Columbia
59,all,all,2011,"Rye, fall remaining",-99,-99,-99,-99,-99,-99,-99,-99,-99,-99,-99,-99.0,-99,-99,-99.00,British Columbia
59,all,all,2011,Summerfallow,46500,18800,-99,-99,0,-99,-99,-99,-99,-99,-99,-99.0,-99,-99,-99.00,British Columbia
59,all,all,2011,"Wheat, spring",82200,33300,76000,30800,0.924574209,58.8,-99,3900,4470,-99,121600,58.8,-99,3948,0.01,British Columbia
59,5901,5901,2012,Barley,14900,6000,4900,2000,0.32885906,81.7,-99,4400,401,-99,8700,81.8,-99,4350,-0.01,"Non Peace, 1 - British Columbia"
59,5901,5901,2012,Canola,5800,2300,5800,2300,1,39.4,-99,2200,227,-99,5200,39.1,-99,2261,0.03,"Non Peace, 1 - British Columbia"
59,5901,5901,2012,Oats,15000,6100,10000,4000,0.666666667,72.5,-99,2800,725,-99,11200,72.5,-99,2800,0.00,"Non Peace, 1 - British Columbia"
59,5901,5901,2012,"Peas, dry",-99,-99,-99,-99,-99,-99,-99,-99,-99,-99,-99,-99.0,-99,-99,-99.00,"Non Peace, 1 - British Columbia"
59,5901,5901,2012,"Rye, fall remaining",-99,-99,-99,-99,-99,-99,-99,-99,-99,-99,-99,-99.0,-99,-99,-99.00,"Non Peace, 1 - British Columbia"
59,5901,5901,2012,Summerfallow,-99,-99,-99,-99,-99,-99,-99,-99,-99,-99,-99,-99.0,-99,-99,-99.00,"Non Peace, 1 - British Columbia"
59,5901,5901,2012,"Wheat, spring",3600,1500,3600,1500,1,22.3,-99,1500,81,-99,2200,22.5,-99,1467,-0.02,"Non Peace, 1 - British Columbia"
59,5908,5908,2012,Barley,55100,22300,38100,15400,0.691470054,56.8,-99,3100,2164,-99,47100,56.8,-99,3058,-0.01,"Peace River, 8 - British Columbia"
59,5908,5908,2012,Canola,114200,46200,114200,46200,1,30,-99,1700,3423,-99,77600,30.0,-99,1680,-0.01,"Peace River, 8 - British Columbia"
59,5908,5908,2012,Oats,60000,24300,55000,22300,0.916666667,65,-99,2500,3575,-99,55100,65.0,-99,2471,-0.01,"Peace River, 8 - British Columbia"
59,5908,5908,2012,"Peas, dry",-99,-99,-99,-99,-99,-99,-99,-99,-99,-99,-99,-99.0,-99,-99,-99.00,"Peace River, 8 - British Columbia"
59,5908,5908,2012,"Rye, fall remaining",-99,-99,-99,-99,-99,-99,-99,-99,-99,-99,-99,-99.0,-99,-99,-99.00,"Peace River, 8 - British Columbia"
59,5908,5908,2012,Summerfallow,-99,-99,-99,-99,-99,-99,-99,-99,-99,-99,-99,-99.0,-99,-99,-99.00,"Peace River, 8 - British Columbia"
59,5908,5908,2012,"Wheat, spring",71400,28900,71400,28900,1,48.3,-99,3200,3444,-99,93700,48.2,-99,3242,0.01,"Peace River, 8 - British Columbia"
59,all,all,2012,Barley,70000,28300,43000,17400,0.614285714,59.7,-99,3200,2565,-99,55800,59.7,-99,3207,0.00,British Columbia
59,all,all,2012,Canola,120000,48600,120000,48600,1,30.4,-99,1700,3650,-99,82800,30.4,-99,1704,0.00,British Columbia
59,all,all,2012,Oats,75000,30400,65000,26300,0.866666667,66.2,-99,2500,4300,-99,66300,66.2,-99,2521,0.01,British Columbia
59,all,all,2012,"Peas, dry",-99,-99,-99,-99,-99,-99,-99,-99,-99,-99,-99,-99.0,-99,-99,-99.00,British Columbia
59,all,all,2012,"Rye, fall remaining",-99,-99,-99,-99,-99,-99,-99,-99,-99,-99,-99,-99.0,-99,-99,-99.00,British Columbia
59,all,all,2012,Summerfallow,35000,14200,-99,-99,0,-99,-99,-99,-99,-99,-99,-99.0,-99,-99,-99.00,British Columbia
59,all,all,2012,"Wheat, spring",75000,30400,75000,30400,1,47,-99,3200,3525,-99,96000,47.0,-99,3158,-0.01,British Columbia
59,5901,5901,2013,Barley,25000,10100,20000,8100,0.8,67,-99,3500,1340,-99,29200,67.0,-99,3605,0.03,"Non Peace, 1 - British Columbia"
59,5901,5901,2013,Canola,10000,4000,10000,4000,1,40,-99,2300,400,-99,9100,40.0,-99,2275,-0.01,"Non Peace, 1 - British Columbia"
59,5901,5901,2013,Oats,15000,6100,10000,4000,0.666666667,70,-99,2700,700,-99,10800,70.0,-99,2700,0.00,"Non Peace, 1 - British Columbia"
59,5901,5901,2013,"Peas, dry",-99,-99,-99,-99,-99,-99,-99,-99,-99,-99,-99,-99.0,-99,-99,-99.00,"Non Peace, 1 - British Columbia"
59,5901,5901,2013,"Rye, fall remaining",-99,-99,-99,-99,-99,-99,-99,-99,-99,-99,-99,-99.0,-99,-99,-99.00,"Non Peace, 1 - British Columbia"
59,5901,5901,2013,Summerfallow,-99,-99,-99,-99,-99,-99,-99,-99,-99,-99,-99,-99.0,-99,-99,-99.00,"Non Peace, 1 - British Columbia"
59,5901,5901,2013,"Wheat, spring",8000,3200,8000,3200,1,53.8,-99,3700,430,-99,11700,53.8,-99,3656,-0.01,"Non Peace, 1 - British Columbia"
59,5908,5908,2013,Barley,40000,16200,40000,16200,1,65,-99,3500,2600,-99,56600,65.0,-99,3494,0.00,"Peace River, 8 - British Columbia"
59,5908,5908,2013,Canola,90000,36500,90000,36500,1,39,-99,2200,3510,-99,79600,39.0,-99,2181,-0.01,"Peace River, 8 - British Columbia"
59,5908,5908,2013,Oats,65000,26300,60000,24300,0.923076923,81.2,-99,3100,4870,-99,75100,81.2,-99,3091,0.00,"Peace River, 8 - British Columbia"
59,5908,5908,2013,"Peas, dry",-99,-99,-99,-99,-99,-99,-99,-99,-99,-99,-99,-99.0,-99,-99,-99.00,"Peace River, 8 - British Columbia"
59,5908,5908,2013,"Rye, fall remaining",-99,-99,-99,-99,-99,-99,-99,-99,-99,-99,-99,-99.0,-99,-99,-99.00,"Peace River, 8 - British Columbia"
59,5908,5908,2013,Summerfallow,-99,-99,-99,-99,-99,-99,-99,-99,-99,-99,-99,-99.0,-99,-99,-99.00,"Peace River, 8 - British Columbia"
59,5908,5908,2013,"Wheat, spring",85000,34400,85000,34400,1,60.6,-99,4100,5150,-99,140100,60.6,-99,4073,-0.01,"Peace River, 8 - British Columbia"
59,all,all,2013,Barley,65000,26300,60000,24300,0.923076923,65.7,-99,3500,3940,-99,85800,65.7,-99,3531,0.01,British Columbia
59,all,all,2013,Canola,100000,40500,100000,40500,1,39.1,-99,2200,3910,-99,88700,39.1,-99,2190,0.00,British Columbia
59,all,all,2013,Oats,80000,32400,70000,28300,0.875,79.6,-99,3000,5570,-99,85900,79.6,-99,3035,0.01,British Columbia
59,all,all,2013,"Peas, dry",-99,-99,-99,-99,-99,-99,-99,-99,-99,-99,-99,-99.0,-99,-99,-99.00,British Columbia
59,all,all,2013,"Rye, fall remaining",-99,-99,-99,-99,-99,-99,-99,-99,-99,-99,-99,-99.0,-99,-99,-99.00,British Columbia
59,all,all,2013,Summerfallow,45000,18200,-99,-99,0,-99,-99,-99,-99,-99,-99,-99.0,-99,-99,-99.00,British Columbia
59,all,all,2013,"Wheat, spring",93000,37600,93000,37600,1,60,-99,4000,5580,-99,151800,60.0,-99,4037,0.01,British Columbia
59,5901,5901,2014,Barley,23500,9500,14100,5700,0.6,46.8,-99,2500,658,-99,14300,46.7,-99,2509,0.00,"Non Peace, 1 - British Columbia"
59,5901,5901,2014,Canola,7100,2900,7100,2900,1,37.5,-99,2800,267,-99,6100,37.6,-99,2103,-0.25,"Non Peace, 1 - British Columbia"
59,5901,5901,2014,Oats,11900,4800,4900,2000,0.411764706,61.6,-99,2400,303,-99,4700,61.8,-99,2350,-0.02,"Non Peace, 1 - British Columbia"
59,5901,5901,2014,"Peas, dry",-99,-99,-99,-99,-99,-99,-99,-99,-99,-99,-99,-99.0,-99,-99,-99.00,"Non Peace, 1 - British Columbia"
59,5901,5901,2014,"Rye, fall remaining",-99,-99,-99,-99,-99,-99,-99,-99,-99,-99,-99,-99.0,-99,-99,-99.00,"Non Peace, 1 - British Columbia"
59,5901,5901,2014,Summerfallow,-99,-99,-99,-99,-99,-99,-99,-99,-99,-99,-99,-99.0,-99,-99,-99.00,"Non Peace, 1 - British Columbia"
59,5901,5901,2014,"Wheat, spring",5900,2400,5900,2400,1,42.1,-99,2800,248,-99,6800,42.0,-99,2833,0.01,"Non Peace, 1 - British Columbia"
59,5908,5908,2014,Barley,30500,12300,26900,10900,0.881967213,48.3,-99,2600,1302,-99,28300,48.4,-99,2596,0.00,"Peace River, 8 - British Columbia"
59,5908,5908,2014,Canola,97900,39600,96900,39200,0.989785495,30,-99,2200,2903,-99,65800,30.0,-99,1679,-0.24,"Peace River, 8 - British Columbia"
59,5908,5908,2014,Oats,56100,22700,45100,18200,0.803921569,67.8,-99,2600,3057,-99,47100,67.8,-99,2588,0.00,"Peace River, 8 - British Columbia"
59,5908,5908,2014,"Peas, dry",20000,8100,20000,8100,1,34.5,-99,2300,690,-99,18800,34.5,-99,2321,0.01,"Peace River, 8 - British Columbia"
59,5908,5908,2014,"Rye, fall remaining",-99,-99,-99,-99,-99,-99,-99,-99,-99,-99,-99,-99.0,-99,-99,-99.00,"Peace River, 8 - British Columbia"
59,5908,5908,2014,Summerfallow,-99,-99,-99,-99,-99,-99,-99,-99,-99,-99,-99,-99.0,-99,-99,-99.00,"Peace River, 8 - British Columbia"
59,5908,5908,2014,"Wheat, spring",87100,35200,87100,35200,1,43.3,-99,2900,3772,-99,102700,43.3,-99,2918,0.01,"Peace River, 8 - British Columbia"
59,all,all,2014,Barley,54000,21900,41000,16600,0.759259259,47.8,-99,2600,1960,-99,42700,47.8,-99,2572,-0.01,British Columbia
59,all,all,2014,Canola,105000,42500,104000,42100,0.99047619,30.5,-99,1700,3170,-99,71900,30.5,-99,1708,0.00,British Columbia
59,all,all,2014,Oats,68000,27500,50000,20200,0.735294118,67.2,-99,2600,3360,-99,51800,67.2,-99,2564,-0.01,British Columbia
59,all,all,2014,"Peas, dry",20000,8100,20000,8100,1,34.5,-99,2300,690,-99,18800,34.5,-99,2321,0.01,British Columbia
59,all,all,2014,"Rye, fall remaining",-99,-99,-99,-99,-99,-99,-99,-99,-99,-99,-99,-99.0,-99,-99,-99.00,British Columbia
59,all,all,2014,Summerfallow,50000,20200,-99,-99,0,-99,-99,-99,-99,-99,-99,-99.0,-99,-99,-99.00,British Columbia
59,all,all,2014,"Wheat, spring",93000,37600,93000,37600,1,43.2,-99,2900,4020,-99,109400,43.2,-99,2910,0.00,British Columbia
59,5901,5901,2015,Barley,25000,10100,18000,7300,0.72,67.8,-99,3600,1220,-99,26600,67.8,-99,3644,0.01,"Non Peace, 1 - British Columbia"
59,5901,5901,2015,Canola,6000,2400,6000,2400,1,20,-99,1100,120,-99,2700,20.0,-99,1125,0.02,"Non Peace, 1 - British Columbia"
59,5901,5901,2015,Oats,15000,6100,5000,2000,0.333333333,72,-99,2800,360,-99,5600,72.0,-99,2800,0.00,"Non Peace, 1 - British Columbia"
59,5901,5901,2015,"Peas, dry",-99,-99,-99,-99,-99,-99,-99,-99,-99,-99,-99,-99.0,-99,-99,-99.00,"Non Peace, 1 - British Columbia"
59,5901,5901,2015,"Rye, fall remaining",-99,-99,-99,-99,-99,-99,-99,-99,-99,-99,-99,-99.0,-99,-99,-99.00,"Non Peace, 1 - British Columbia"
59,5901,5901,2015,Summerfallow,-99,-99,-99,-99,-99,-99,-99,-99,-99,-99,-99,-99.0,-99,-99,-99.00,"Non Peace, 1 - British Columbia"
59,5901,5901,2015,"Wheat, spring",8000,3200,7000,2800,0.875,32.1,-99,2200,225,-99,6100,32.1,-99,2179,-0.01,"Non Peace, 1 - British Columbia"
59,5908,5908,2015,Barley,35000,14200,32000,13000,0.914285714,58.8,-99,3100,1880,-99,40900,58.8,-99,3146,0.01,"Peace River, 8 - British Columbia"
59,5908,5908,2015,Canola,84000,34000,84000,34000,1,35.7,-99,2000,3000,-99,68000,35.7,-99,2000,0.00,"Peace River, 8 - British Columbia"
59,5908,5908,2015,Oats,60000,24300,45000,18200,0.75,75.6,-99,2900,3400,-99,52400,75.6,-99,2879,-0.01,"Peace River, 8 - British Columbia"
59,5908,5908,2015,"Peas, dry",30000,12100,30000,12100,1,36.2,-99,2400,1085,-99,29500,36.2,-99,2438,0.02,"Peace River, 8 - British Columbia"
59,5908,5908,2015,"Rye, fall remaining",-99,-99,-99,-99,-99,-99,-99,-99,-99,-99,-99,-99.0,-99,-99,-99.00,"Peace River, 8 - British Columbia"
59,5908,5908,2015,Summerfallow,-99,-99,-99,-99,-99,-99,-99,-99,-99,-99,-99,-99.0,-99,-99,-99.00,"Peace River, 8 - British Columbia"
59,5908,5908,2015,"Wheat, spring",92000,37200,91000,36800,0.989130435,52,-99,3500,4735,-99,128900,52.0,-99,3503,0.00,"Peace River, 8 - British Columbia"
59,all,all,2015,Barley,60000,24300,50000,20200,0.833333333,62,-99,3300,3100,-99,67500,62.0,-99,3342,0.01,British Columbia
59,all,all,2015,Canola,90000,36400,90000,36400,1,34.7,-99,1900,3120,-99,70800,34.7,-99,1945,0.02,British Columbia
59,all,all,2015,Oats,75000,30400,50000,20200,0.666666667,75.2,-99,2900,3760,-99,58000,75.2,-99,2871,-0.01,British Columbia
59,all,all,2015,"Peas, dry",30000,12100,30000,12100,1,36.2,-99,2400,1085,-99,29500,36.2,-99,2438,0.02,British Columbia
59,all,all,2015,"Rye, fall remaining",-99,-99,-99,-99,-99,-99,-99,-99,-99,-99,-99,-99.0,-99,-99,-99.00,British Columbia
59,all,all,2015,Summerfallow,40000,16200,-99,-99,0,-99,-99,-99,-99,-99,-99,-99.0,-99,-99,-99.00,British Columbia
59,all,all,2015,"Wheat, spring",100000,40400,98000,39600,0.98,50.6,-99,3400,4960,-99,134900,50.6,-99,3407,0.00,British Columbia
